Dataset,Wavpath,IBI_threshold,dur_before,dur_after,dur_middle,dur_audio,unannotated_ratio,min_max_temporange,mean_tempo,min_tempo,max_tempo,count_slower,count_faster,num_ibis,dur_slower,dur_faster
ASAP,Beethoven_Piano_Sonatas_11-1_MaximovI02M.wav,6,0.97,1009.57,0.00,1321.97,0.76,"(10, 300)",153.88,80.91,184.32,0,0,793,0,0.00
ASAP,Beethoven_Piano_Sonatas_9-1_Tysman05M.wav,6,1.00,170.09,0.00,434.07,0.39,"(10, 300)",149.82,76.80,249.08,0,0,645,0,0.00
ASAP,Liszt_Transcendental_Etudes_11_Huang18M.wav,6,0.00,17.06,0.00,608.48,0.03,"(10, 300)",77.81,10.16,189.63,0,0,618,0,0.00
ASAP,Rachmaninoff_Preludes_op_23_4_WuuE07M.wav,6,0.46,13.52,0.00,265.49,0.05,"(10, 300)",58.25,21.08,84.46,0,0,228,0,0.00
ASAP,Bach_Fugue_bwv_857_ToA01M.wav,6,0.50,12.58,0.00,223.12,0.06,"(10, 300)",65.65,17.68,72.33,0,0,227,0,0.00
ASAP,Schubert_Impromptu_op.90_D.899_1_Duepree08M.wav,6,1.08,12.20,0.00,535.79,0.02,"(10, 300)",97.88,16.52,228.68,0,0,812,0,0.00
ASAP,Chopin_Berceuse_op_57_Tario07M.wav,6,0.96,12.09,7.22,262.34,0.08,"(10, 300)",35.75,8.31,53.64,1,0,138,7.22265,0.00
ASAP,Liszt_Transcendental_Etudes_3_Huang14M.wav,6,0.83,10.70,6.84,261.59,0.07,"(10, 300)",49.65,8.77,71.39,1,0,193,6.83854,0.00
ASAP,Rachmaninoff_Preludes_op_23_6_Nikiforov14M.wav,6,1.25,10.54,0.00,171.42,0.07,"(10, 300)",68.25,24.53,102.40,0,0,168,0,0.00
ASAP,Schubert_Impromptu_op.90_D.899_3_LeeSH08M.wav,6,1.04,10.23,0.00,371.13,0.03,"(10, 300)",58.11,21.56,84.64,0,0,340,0,0.00
ASAP,Schumann_Arabeske_ParkS15M.wav,6,1.13,10.06,6.49,437.45,0.04,"(10, 300)",84.56,9.25,267.90,1,0,495,6.48959,0.00
ASAP,Schubert_Impromptu_op.90_D.899_2_FaB06M.wav,6,1.00,9.99,0.00,285.00,0.04,"(10, 300)",191.59,63.65,402.09,0,5,847,0,0.88
ASAP,Beethoven_Piano_Sonatas_23-1_Duepree05M.wav,6,1.04,9.61,0.00,595.59,0.02,"(10, 300)",115.51,17.41,223.70,0,0,1045,0,0.00
ASAP,Schubert_Impromptu_op.90_D.899_3_ZhangW07M.wav,6,1.03,9.11,0.00,330.66,0.03,"(10, 300)",66.52,20.62,104.92,0,0,340,0,0.00
ASAP,Chopin_Etudes_op_25_1_LeeN03M.wav,6,0.00,9.03,0.00,140.59,0.06,"(10, 300)",92.50,22.03,120.38,0,0,193,0,0.00
ASAP,Schubert_Impromptu_op.90_D.899_3_WuuE10M.wav,6,1.00,9.00,0.00,360.31,0.03,"(10, 300)",60.28,19.60,98.63,0,0,340,0,0.00
ASAP,Liszt_Concert_Etude_S145_1_Woo06M.wav,6,1.33,8.88,0.00,236.56,0.04,"(10, 300)",114.39,15.08,404.23,0,1,383,0,0.15
ASAP,Schubert_Impromptu_op.90_D.899_3_LEE_K04M.wav,6,1.03,8.87,0.00,343.17,0.03,"(10, 300)",62.99,19.22,88.21,0,0,340,0,0.00
ASAP,Haydn_Keyboard_Sonatas_48-1_GarritsonL02M.wav,6,1.07,8.78,0.00,489.10,0.02,"(10, 300)",61.96,30.26,121.43,0,0,480,0,0.00
ASAP,Chopin_Berceuse_op_57_ZhangE09M.wav,6,1.02,8.65,0.00,268.25,0.04,"(10, 300)",32.87,17.15,45.43,0,0,138,0,0.00
ASAP,Beethoven_Piano_Sonatas_17-1_no_repeat_GuoE02M.wav,6,1.01,8.54,0.00,378.86,0.03,"(10, 300)",219.82,20.12,1097.29,0,38,904,0,6.62
ASAP,Liszt_Transcendental_Etudes_10_Huang17M.wav,6,1.37,8.45,0.00,307.06,0.03,"(10, 300)",83.40,13.91,174.55,0,0,365,0,0.00
ASAP,Bach_Fugue_bwv_857_Lisiecki04M.wav,6,0.50,8.41,0.00,224.80,0.04,"(10, 300)",63.78,20.36,71.61,0,0,227,0,0.00
ASAP,Schubert_Impromptu_op142_3_RichardsonC06M.wav,6,1.03,8.34,6.98,686.60,0.02,"(10, 300)",41.81,8.59,59.63,1,0,430,6.98386,0.00
ASAP,Liszt_Transcendental_Etudes_4_Huang15M.wav,6,0.94,8.19,7.04,495.97,0.03,"(10, 300)",104.06,8.52,252.49,1,0,681,7.04492,0.00
ASAP,Haydn_Keyboard_Sonatas_48-1_PrjevalskayaM02M.wav,6,1.08,8.18,0.00,415.67,0.02,"(10, 300)",73.52,28.18,118.15,0,0,480,0,0.00
ASAP,Schubert_Impromptu_op.90_D.899_1_Teo06M.wav,6,1.04,7.90,0.00,568.93,0.02,"(10, 300)",90.42,22.35,258.88,0,0,812,0,0.00
ASAP,Liszt_Ballade_2_GarritsonL04M.wav,6,1.00,7.88,0.00,858.47,0.01,"(10, 300)",106.12,13.40,246.42,0,0,1130,0,0.00
ASAP,Rachmaninoff_Preludes_op_23_4_ChenGuang12M.wav,6,0.00,7.85,0.00,282.33,0.03,"(10, 300)",55.79,19.39,108.81,0,0,228,0,0.00
ASAP,Chopin_Etudes_op_25_1_TuanS04M.wav,6,0.00,7.81,0.00,146.33,0.05,"(10, 300)",89.07,17.37,122.95,0,0,193,0,0.00
ASAP,Chopin_Berceuse_op_57_MiyashitaM06M.wav,6,0.97,7.75,0.00,275.70,0.03,"(10, 300)",31.95,14.30,40.52,0,0,138,0,0.00
ASAP,Bach_Fugue_bwv_883_GuoE01M.wav,6,0.97,7.67,0.00,270.59,0.03,"(10, 300)",63.42,32.49,71.96,0,0,276,0,0.00
ASAP,Chopin_Etudes_op_25_1_Wong03M.wav,6,0.23,7.60,0.00,140.69,0.06,"(10, 300)",91.99,28.44,115.63,0,0,193,0,0.00
ASAP,Bach_Prelude_bwv_870_ChenW01M.wav,6,0.99,7.50,0.00,156.39,0.05,"(10, 300)",54.32,16.42,57.83,0,0,132,0,0.00
ASAP,Schubert_Impromptu_op.90_D.899_3_Hou06M.wav,6,0.98,7.48,0.00,320.96,0.03,"(10, 300)",67.46,20.63,98.36,0,0,340,0,0.00
ASAP,Liszt_Ballade_2_Jin07M.wav,6,1.00,7.47,0.00,749.43,0.01,"(10, 300)",112.24,20.58,317.80,0,2,1130,0,0.38
ASAP,Schubert_Impromptu_op142_3_WangH06M.wav,6,1.03,7.45,12.43,683.29,0.03,"(10, 300)",41.19,9.51,54.67,2,0,430,12.42812,0.00
ASAP,Beethoven_Piano_Sonatas_17-1_no_repeat_WangH03M.wav,6,0.64,7.43,0.00,383.59,0.02,"(10, 300)",219.28,22.57,8862.63,0,18,904,0,3.13
ASAP,Liszt_Ballade_2_Min06M.wav,6,1.68,7.42,0.00,748.21,0.01,"(10, 300)",118.93,20.10,365.70,0,1,1130,0,0.16
ASAP,Schubert_Impromptu_op.90_D.899_3_Ko08M.wav,6,1.11,7.41,0.00,376.16,0.02,"(10, 300)",57.36,20.13,81.63,0,0,340,0,0.00
ASAP,Chopin_Etudes_op_10_10_WangH02M.wav,6,1.24,7.32,0.00,128.42,0.07,"(10, 300)",159.10,43.60,203.53,0,0,304,0,0.00
ASAP,Schumann_Arabeske_Min09M.wav,6,1.29,7.30,6.39,388.14,0.04,"(10, 300)",99.06,9.39,205.25,1,0,495,6.38932,0.00
ASAP,Beethoven_Piano_Sonatas_23-1_Yi02M.wav,6,1.05,7.27,0.00,569.35,0.01,"(10, 300)",147.42,19.28,30612.24,0,1,1045,0,0.00
ASAP,Chopin_Etudes_op_25_1_TongB02M.wav,6,0.29,7.08,0.00,150.37,0.05,"(10, 300)",84.83,35.73,107.66,0,0,193,0,0.00
ASAP,Beethoven_Piano_Sonatas_17-1_no_repeat_TuanS02M.wav,6,0.96,7.05,0.00,385.56,0.02,"(10, 300)",209.65,20.94,6066.73,0,16,904,0,2.68
ASAP,Schubert_Impromptu_op.90_D.899_1_Jin05M.wav,6,1.03,7.02,0.00,520.67,0.02,"(10, 300)",100.78,20.04,1439.88,0,1,812,0,0.04
ASAP,Bach_Fugue_bwv_857_WangA01M.wav,6,0.50,6.95,0.00,221.57,0.03,"(10, 300)",64.32,19.90,72.51,0,0,227,0,0.00
ASAP,Bach_Fugue_bwv_846_Shi05M.wav,6,1.10,6.72,0.00,147.60,0.05,"(10, 300)",45.91,20.98,52.54,0,0,105,0,0.00
ASAP,Beethoven_Piano_Sonatas_21-2_YOO05M.wav,6,1.00,6.70,0.00,245.49,0.03,"(10, 300)",14.14,10.95,17.88,0,0,55,0,0.00
ASAP,Beethoven_Piano_Sonatas_17-1_KaszoS09M.wav,6,0.63,6.70,0.00,518.65,0.01,"(10, 300)",208.25,20.64,3838.77,0,8,1272,0,1.08
ASAP,Bach_Prelude_bwv_854_WangA01M.wav,6,0.98,6.68,0.00,84.62,0.09,"(10, 300)",72.41,33.66,84.89,0,0,92,0,0.00
ASAP,Liszt_Transcendental_Etudes_1_Huang13M.wav,6,1.00,6.62,0.00,55.25,0.14,"(10, 300)",134.06,35.02,215.32,0,0,91,0,0.00
ASAP,Bach_Fugue_bwv_863_TongB01M.wav,6,0.50,6.58,0.00,173.60,0.04,"(10, 300)",57.81,24.40,63.79,0,0,159,0,0.00
ASAP,Debussy_Images_Book_1_1_Reflets_dans_lEau_Kleisen11M.wav,6,0.92,6.56,0.00,287.78,0.03,"(10, 300)",91.10,18.25,284.44,0,0,372,0,0.00
ASAP,Schubert_Impromptu_op.90_D.899_3_ZhaoK10M.wav,6,1.08,6.56,0.00,303.31,0.03,"(10, 300)",71.15,13.51,130.32,0,0,340,0,0.00
ASAP,Bach_Fugue_bwv_889_YangY02M.wav,6,0.50,6.56,0.00,109.18,0.06,"(10, 300)",64.48,31.92,70.73,0,0,109,0,0.00
ASAP,Bach_Fugue_bwv_858_VuV01M.wav,6,1.04,6.53,0.00,145.44,0.05,"(10, 300)",59.02,30.52,63.27,0,0,135,0,0.00
ASAP,Beethoven_Piano_Sonatas_17-1_no_repeat_KabuliL02M.wav,6,0.64,6.50,0.00,356.72,0.02,"(10, 300)",218.00,22.30,448.23,0,22,904,0,3.93
ASAP,Beethoven_Piano_Sonatas_23-1_Teo02M.wav,6,1.00,6.48,0.00,568.67,0.01,"(10, 300)",121.99,16.85,2363.14,0,3,1045,0,0.21
ASAP,Bach_Prelude_bwv_867_Sham01M.wav,6,0.96,6.47,0.00,178.36,0.04,"(10, 300)",33.76,14.73,36.79,0,0,94,0,0.00
ASAP,Chopin_Etudes_op_25_10_Ozel05M.wav,6,0.99,6.43,0.00,251.22,0.03,"(10, 300)",106.14,25.21,179.30,0,0,397,0,0.00
ASAP,Bach_Fugue_bwv_862_Song04M.wav,6,0.50,6.40,0.00,155.71,0.04,"(10, 300)",55.73,24.14,64.09,0,0,137,0,0.00
ASAP,Chopin_Berceuse_op_57_Teo11M.wav,6,1.03,6.39,0.00,297.11,0.02,"(10, 300)",29.34,12.03,48.89,0,0,138,0,0.00
ASAP,Schubert_Impromptu_op.90_D.899_3_Woo10M.wav,6,0.95,6.38,0.00,301.96,0.02,"(10, 300)",72.06,16.90,124.54,0,0,340,0,0.00
ASAP,Chopin_Ballades_1_BuiJL04M.wav,6,1.01,6.38,0.00,559.78,0.01,"(10, 300)",123.73,14.31,420.43,0,67,652,0,12.48
ASAP,Liszt_Annees_de_pelerinage_2_1_Gondoliera_LeungM12M.wav,6,1.97,6.35,0.00,297.51,0.03,"(10, 300)",54.71,15.84,163.02,0,0,239,0,0.00
ASAP,Schubert_Impromptu_op.90_D.899_3_Kociuban10M.wav,6,1.02,6.27,0.00,366.19,0.02,"(10, 300)",58.04,21.30,72.97,0,0,340,0,0.00
ASAP,Bach_Fugue_bwv_891_Duepree06M.wav,6,0.50,6.26,0.00,218.50,0.03,"(10, 300)",86.06,19.87,93.15,0,0,300,0,0.00
ASAP,Bach_Fugue_bwv_887_LiYZ01M.wav,6,0.50,6.23,0.00,357.57,0.02,"(10, 300)",48.78,19.04,52.82,0,0,284,0,0.00
ASAP,Schubert_Impromptu_op.90_D.899_3_JeonH06M.wav,6,1.06,6.22,0.00,368.90,0.02,"(10, 300)",57.68,22.12,73.75,0,0,340,0,0.00
ASAP,Bach_Prelude_bwv_857_Lisiecki04M.wav,6,1.09,6.18,0.00,110.06,0.07,"(10, 300)",49.84,23.22,58.83,0,0,84,0,0.00
ASAP,Beethoven_Piano_Sonatas_17-1_no_repeat_Richardson02M.wav,6,1.00,6.14,0.00,341.54,0.02,"(10, 300)",257.85,23.53,11516.31,0,179,904,0,32.02
ASAP,Liszt_Annees_de_pelerinage_2_1_Gondoliera_LeungM08M.wav,6,1.34,6.06,0.00,278.22,0.03,"(10, 300)",55.76,16.82,100.28,0,0,239,0,0.00
ASAP,Bach_Fugue_bwv_867_Sham01M.wav,6,0.50,6.04,0.00,157.87,0.04,"(10, 300)",59.05,30.78,68.64,0,0,148,0,0.00
ASAP,Bach_Fugue_bwv_863_LeeN01M.wav,6,0.50,6.01,0.00,169.29,0.04,"(10, 300)",58.76,35.15,63.05,0,0,159,0,0.00
ASAP,Debussy_Pour_le_Piano_1_MunA12M.wav,6,0.97,6.01,0.00,225.49,0.03,"(10, 300)",149.03,21.97,199.65,0,0,486,0,0.00
ASAP,Beethoven_Piano_Sonatas_31-2_ADIG05M.wav,6,0.67,5.99,0.00,143.44,0.05,"(10, 300)",215.25,17.79,296.30,0,0,459,0,0.00
ASAP,Bach_Prelude_bwv_854_LuA01M.wav,6,1.02,5.86,0.00,90.26,0.08,"(10, 300)",67.35,24.78,83.84,0,0,92,0,0.00
ASAP,Chopin_Etudes_op_10_1_YeF03M.wav,6,1.01,5.81,0.00,115.59,0.06,"(10, 300)",177.72,65.92,224.79,0,0,312,0,0.00
ASAP,Chopin_Sonata_3_4th_KimSJ10M.wav,6,0.52,5.73,0.00,343.05,0.02,"(10, 300)",105.22,17.37,148.88,0,0,570,0,0.00
ASAP,Bach_Prelude_bwv_883_GuoE01M.wav,6,1.01,5.61,0.00,174.56,0.04,"(10, 300)",45.87,19.15,54.03,0,0,126,0,0.00
ASAP,Glinka_The_Lark_Kleisen07M.wav,6,0.95,5.60,0.00,295.37,0.02,"(10, 300)",77.57,19.00,1298.14,0,1,310,0,0.05
ASAP,Bach_Prelude_bwv_885_Huang04M.wav,6,1.05,5.57,0.00,158.57,0.04,"(10, 300)",33.10,17.05,36.64,0,0,83,0,0.00
ASAP,Bach_Fugue_bwv_874_WongWY01M.wav,6,2.09,5.53,0.00,199.93,0.04,"(10, 300)",30.86,14.17,32.91,0,0,98,0,0.00
ASAP,Chopin_Ballades_1_Mo07M.wav,6,1.01,5.52,0.00,591.02,0.01,"(10, 300)",115.68,14.45,443.07,0,26,652,0,4.84
ASAP,Schubert_Impromptu_op142_1_Kleisen10M.wav,6,0.98,5.51,0.00,585.94,0.01,"(10, 300)",105.79,47.31,158.35,0,0,992,0,0.00
ASAP,Chopin_Etudes_op_10_1_KaiRuiR03M.wav,6,0.99,5.49,0.00,125.27,0.05,"(10, 300)",160.28,69.86,190.73,0,0,312,0,0.00
ASAP,Bach_Fugue_bwv_874_Kurz01M.wav,6,2.38,5.47,0.00,172.51,0.05,"(10, 300)",35.79,25.44,37.57,0,0,98,0,0.00
ASAP,Chopin_Ballades_1_Zhou06M.wav,6,0.99,5.44,0.00,540.20,0.01,"(10, 300)",125.62,16.03,2710.03,0,33,652,0,5.86
ASAP,Liszt_Concert_Etude_S145_1_Kleisen06M.wav,6,1.41,5.41,0.00,220.85,0.03,"(10, 300)",116.90,17.23,228.12,0,0,383,0,0.00
ASAP,Bach_Fugue_bwv_854_WangA01M.wav,6,0.81,5.39,0.00,65.74,0.09,"(10, 300)",111.37,60.24,123.74,0,0,110,0,0.00
ASAP,Liszt_Transcendental_Etudes_5_Huang16M.wav,6,1.32,5.32,0.00,230.93,0.03,"(10, 300)",74.23,31.43,295.39,0,0,263,0,0.00
ASAP,Bach_Fugue_bwv_863_Shychko01M.wav,6,0.50,5.32,0.00,194.11,0.03,"(10, 300)",50.96,26.26,55.70,0,0,159,0,0.00
ASAP,Chopin_Etudes_op_25_10_WangA03M.wav,6,1.00,5.31,0.00,238.43,0.03,"(10, 300)",115.06,21.25,267.92,0,0,397,0,0.00
ASAP,Chopin_Ballades_1_Sladek04M.wav,6,0.99,5.28,0.00,503.99,0.01,"(10, 300)",136.07,20.05,940.29,0,97,652,0,17.14
ASAP,Chopin_Etudes_op_25_12_BorickC04M.wav,6,0.91,5.25,0.00,157.40,0.04,"(10, 300)",143.63,50.15,219.43,0,0,330,0,0.00
ASAP,Schubert_Wanderer_fantasie_SunY10M.wav,6,1.03,5.22,6.71,1207.05,0.01,"(10, 300)",180.41,8.94,471.18,1,64,2406,6.71042,11.98
ASAP,Chopin_Ballades_3_LinPeng06M.wav,6,1.00,5.22,0.00,425.30,0.01,"(10, 300)",73.14,28.80,152.58,0,0,480,0,0.00
ASAP,Glinka_The_Lark_Denisova10M.wav,6,0.91,5.22,0.00,330.03,0.02,"(10, 300)",64.21,14.71,139.02,0,0,310,0,0.00
ASAP,Bach_Fugue_bwv_876_SirajA01M.wav,6,0.50,5.18,0.00,114.71,0.05,"(10, 300)",77.09,26.65,88.41,0,0,138,0,0.00
ASAP,Chopin_Etudes_op_10_8_Rizikov03M.wav,6,0.99,5.17,0.00,152.42,0.04,"(10, 300)",157.91,61.28,238.75,0,0,377,0,0.00
ASAP,Schubert_Impromptu_op142_3_YoungS06M.wav,6,1.02,5.15,6.97,686.88,0.02,"(10, 300)",42.18,8.61,61.60,1,0,430,6.96875,0.00
ASAP,Bach_Prelude_bwv_873_Lisiecki13M.wav,6,1.05,5.13,0.00,257.23,0.02,"(10, 300)",44.05,20.73,52.20,0,0,183,0,0.00
ASAP,Bach_Fugue_bwv_870_ChenW01M.wav,6,0.75,5.11,0.00,98.33,0.06,"(10, 300)",106.86,37.97,118.76,0,0,163,0,0.00
ASAP,Chopin_Ballades_1_JIA06M.wav,6,0.99,5.08,0.00,552.66,0.01,"(10, 300)",119.76,17.51,411.44,0,23,652,0,4.29
ASAP,Chopin_Barcarolle_Park10M.wav,6,0.99,5.06,0.00,541.00,0.01,"(10, 300)",55.79,13.57,103.20,0,0,462,0,0.00
ASAP,Chopin_Scherzos_20_ZhangYunling04M.wav,6,1.04,5.05,0.00,528.54,0.01,"(10, 300)",295.20,27.03,869.44,0,1057,1872,0,170.11
ASAP,Bach_Fugue_bwv_885_Huang04M.wav,6,0.50,5.02,0.00,190.90,0.03,"(10, 300)",81.14,27.90,89.04,0,0,248,0,0.00
ASAP,Bach_Prelude_bwv_854_Richardson01M.wav,6,1.01,5.01,0.00,92.06,0.07,"(10, 300)",65.41,21.33,73.91,0,0,92,0,0.00
ASAP,Bach_Fugue_bwv_867_HuNY01M.wav,6,0.50,5.01,0.00,141.04,0.04,"(10, 300)",66.22,34.18,74.48,0,0,148,0,0.00
ASAP,Chopin_Berceuse_op_57_LeungM07M.wav,6,0.29,4.98,0.00,259.16,0.02,"(10, 300)",33.49,15.64,42.20,0,0,138,0,0.00
ASAP,Liszt_Concert_Etude_S145_2_Tario06M.wav,6,1.62,4.95,0.00,173.09,0.04,"(10, 300)",145.33,21.02,365.72,0,1,376,0,0.16
ASAP,Chopin_Scherzos_39_Arciglione13M.wav,6,0.17,4.94,0.00,434.86,0.01,"(10, 300)",314.91,42.31,869.44,0,1110,1944,0,174.78
ASAP,Bach_Fugue_bwv_865_ZhangE01M.wav,6,0.82,4.91,0.00,247.51,0.02,"(10, 300)",86.46,35.21,100.09,0,0,345,0,0.00
ASAP,Chopin_Scherzos_31_ChenW04M.wav,6,0.95,4.90,0.00,623.31,0.01,"(10, 300)",284.00,23.74,3717.47,0,945,2337,0,151.53
ASAP,Beethoven_Piano_Sonatas_32-1_DupreeF03M.wav,6,1.21,4.87,0.00,552.90,0.01,"(10, 300)",111.34,22.95,157.27,0,0,832,0,0.00
ASAP,Beethoven_Piano_Sonatas_12-1_Kleisen05M.wav,6,1.78,4.86,0.00,406.63,0.02,"(10, 300)",101.96,14.92,133.18,0,0,651,0,0.00
ASAP,Bach_Fugue_bwv_860_TuanS01M.wav,6,0.50,4.86,0.00,172.51,0.03,"(10, 300)",62.15,21.38,70.28,0,0,171,0,0.00
ASAP,Beethoven_Piano_Sonatas_3-2_MiyashitaM04M.wav,6,0.53,4.85,0.00,433.33,0.01,"(10, 300)",23.23,13.90,27.08,0,0,163,0,0.00
ASAP,Chopin_Ballades_1_KimSuyeon04M.wav,6,1.03,4.84,0.00,528.48,0.01,"(10, 300)",124.73,20.87,384.00,0,50,652,0,9.20
ASAP,Chopin_Etudes_op_10_1_SunY03M.wav,6,0.98,4.83,0.00,116.74,0.05,"(10, 300)",172.14,89.86,207.94,0,0,312,0,0.00
ASAP,Bach_Fugue_bwv_874_BianF01.wav,6,2.76,4.82,0.00,172.90,0.04,"(10, 300)",35.87,17.92,39.27,0,0,98,0,0.00
ASAP,Chopin_Barcarolle_Rozanski07M.wav,6,1.02,4.82,0.00,557.28,0.01,"(10, 300)",55.61,14.07,98.25,0,0,462,0,0.00
ASAP,Bach_Fugue_bwv_857_YuP01M.wav,6,0.50,4.75,0.00,217.13,0.02,"(10, 300)",65.05,19.55,74.34,0,0,227,0,0.00
ASAP,Bach_Prelude_bwv_883_LuM01M.wav,6,1.04,4.73,0.00,164.55,0.04,"(10, 300)",48.97,14.58,57.39,0,0,126,0,0.00
ASAP,Chopin_Etudes_op_10_1_LiYZ02M.wav,6,1.03,4.71,0.00,116.23,0.05,"(10, 300)",171.24,87.27,209.45,0,0,312,0,0.00
ASAP,Schubert_Impromptu_op.90_D.899_3_Mizumoto07M.wav,6,1.05,4.68,0.00,308.77,0.02,"(10, 300)",70.67,12.97,111.17,0,0,340,0,0.00
ASAP,Chopin_Etudes_op_10_8_Lou03M.wav,6,0.77,4.68,0.00,147.69,0.04,"(10, 300)",164.29,36.27,229.82,0,0,377,0,0.00
ASAP,Bach_Fugue_bwv_875_Ahfat01M.wav,6,0.50,4.67,0.00,130.66,0.04,"(10, 300)",52.03,13.05,58.48,0,0,106,0,0.00
ASAP,Bach_Prelude_bwv_870_MaximovI01M.wav,6,0.96,4.63,0.00,154.62,0.04,"(10, 300)",54.16,17.48,60.35,0,0,132,0,0.00
ASAP,Chopin_Etudes_op_10_1_ChenW03M.wav,6,0.97,4.62,0.00,117.70,0.05,"(10, 300)",170.03,73.94,208.70,0,0,312,0,0.00
ASAP,Chopin_Etudes_op_25_12_HouKimberly03M.wav,6,0.36,4.62,0.00,138.88,0.04,"(10, 300)",156.20,69.29,247.08,0,0,330,0,0.00
ASAP,Bach_Fugue_bwv_854_LuA01M.wav,6,0.81,4.61,0.00,69.48,0.08,"(10, 300)",103.46,61.70,112.83,0,0,110,0,0.00
ASAP,Bach_Fugue_bwv_865_Teo01M.wav,6,0.83,4.58,0.00,244.85,0.02,"(10, 300)",88.21,24.35,102.40,0,0,345,0,0.00
ASAP,Bach_Fugue_bwv_857_Bult-ItoS02M.wav,6,0.50,4.54,0.00,207.20,0.02,"(10, 300)",67.98,29.79,101.38,0,0,227,0,0.00
ASAP,Bach_Fugue_bwv_873_Lisiecki13M.wav,6,0.50,4.52,0.00,122.07,0.04,"(10, 300)",145.28,42.05,175.88,0,0,280,0,0.00
ASAP,Bach_Fugue_bwv_875_CaoJ01M.wav,6,0.50,4.52,0.00,120.56,0.04,"(10, 300)",55.52,23.97,61.08,0,0,106,0,0.00
ASAP,Haydn_Keyboard_Sonatas_46-1_YuP03M.wav,6,1.05,4.48,0.00,353.08,0.02,"(10, 300)",80.03,24.93,124.47,0,0,446,0,0.00
ASAP,Bach_Fugue_bwv_892_KabuliL01M.wav,6,0.50,4.46,0.00,232.24,0.02,"(10, 300)",54.68,28.09,60.73,0,0,206,0,0.00
ASAP,Bach_Prelude_bwv_846_Shi05M.wav,6,1.03,4.45,0.00,139.12,0.04,"(10, 300)",61.92,24.52,70.67,0,0,136,0,0.00
ASAP,Bach_Prelude_bwv_857_Lan01M.wav,6,1.05,4.45,0.00,114.55,0.05,"(10, 300)",46.60,21.65,51.29,0,0,84,0,0.00
ASAP,Liszt_Transcendental_Etudes_5_Wang06M.wav,6,1.45,4.42,0.00,219.34,0.03,"(10, 300)",76.07,28.44,119.07,0,0,263,0,0.00
ASAP,Liszt_Transcendental_Etudes_1_LuoJ05M.wav,6,0.99,4.42,0.00,46.16,0.12,"(10, 300)",149.92,35.00,237.45,0,0,91,0,0.00
ASAP,Chopin_Etudes_op_10_8_KyykhynenT09M.wav,6,1.04,4.41,0.00,153.35,0.04,"(10, 300)",155.42,68.01,222.60,0,0,377,0,0.00
ASAP,Chopin_Ballades_4_LuEric04M.wav,6,0.98,4.40,6.74,658.92,0.02,"(10, 300)",51.45,8.90,117.85,1,0,482,6.73893,0.00
ASAP,Chopin_Ballades_1_Richardson13M.wav,6,1.03,4.39,0.00,512.01,0.01,"(10, 300)",127.63,17.70,344.53,0,63,652,0,12.09
ASAP,Chopin_Etudes_op_25_10_Guo02M.wav,6,1.04,4.37,0.00,244.75,0.02,"(10, 300)",115.84,18.75,360.71,0,2,397,0,0.33
ASAP,Bach_Fugue_bwv_848_MiyashitaM01M.wav,6,0.81,4.37,0.00,139.78,0.04,"(10, 300)",97.17,30.74,107.26,0,0,216,0,0.00
ASAP,Liszt_Transcendental_Etudes_5_Park03M.wav,6,1.28,4.36,0.00,247.13,0.02,"(10, 300)",69.90,16.90,103.78,0,0,263,0,0.00
ASAP,Chopin_Etudes_op_10_8_LuEric03M.wav,6,0.99,4.36,0.00,128.30,0.04,"(10, 300)",187.72,82.29,279.28,0,0,377,0,0.00
ASAP,Bach_Fugue_bwv_860_Nikiforov05M.wav,6,0.50,4.35,0.00,170.65,0.03,"(10, 300)",62.40,25.58,67.57,0,0,171,0,0.00
ASAP,Schumann_Toccata_DupreeF13M.wav,6,1.00,4.34,0.00,294.17,0.02,"(10, 300)",120.57,33.37,178.95,0,0,564,0,0.00
ASAP,Liszt_Transcendental_Etudes_4_GuoE03M.wav,6,1.03,4.34,6.05,486.06,0.02,"(10, 300)",102.55,9.91,354.46,1,1,681,6.05469,0.17
ASAP,Beethoven_Piano_Sonatas_28-1_KyykhynenT06M.wav,6,1.09,4.31,0.00,233.91,0.02,"(10, 300)",55.29,18.90,70.95,0,0,203,0,0.00
ASAP,Chopin_Sonata_3_4th_KimSY23M.wav,6,0.51,4.31,0.00,327.95,0.01,"(10, 300)",109.40,21.18,173.89,0,0,570,0,0.00
ASAP,Chopin_Etudes_op_25_5_Levitsky10M.wav,6,0.75,4.30,0.00,185.48,0.03,"(10, 300)",167.71,38.02,374.65,0,8,428,0,1.41
ASAP,Chopin_Ballades_4_ChenC04M.wav,6,1.01,4.29,6.34,604.95,0.02,"(10, 300)",54.60,9.46,122.55,1,0,482,6.34441,0.00
ASAP,Bach_Fugue_bwv_888_ZhaoK01M.wav,6,0.77,4.28,0.00,71.22,0.07,"(10, 300)",107.38,17.20,116.72,0,0,113,0,0.00
ASAP,Chopin_Ballades_4_Nikiforov13M.wav,6,0.95,4.27,0.00,617.03,0.01,"(10, 300)",52.32,11.91,113.08,0,0,482,0,0.00
ASAP,Chopin_Etudes_op_25_12_LuA04M.wav,6,0.83,4.24,0.00,140.81,0.04,"(10, 300)",152.13,58.30,202.82,0,0,330,0,0.00
ASAP,Chopin_Ballades_4_MiyashitaM04M.wav,6,1.02,4.24,0.00,642.56,0.01,"(10, 300)",50.22,10.44,102.77,0,0,482,0,0.00
ASAP,Bach_Fugue_bwv_883_Khmara04.wav,6,1.66,4.20,0.00,260.51,0.02,"(10, 300)",65.27,34.93,71.30,0,0,276,0,0.00
ASAP,Chopin_Scherzos_31_SunD04M.wav,6,0.58,4.20,0.00,536.03,0.01,"(10, 300)",306.45,54.99,9600.00,0,1186,2337,0,196.44
ASAP,Liszt_Gran_Etudes_de_Paganini_2_La_campanella_Levitsky06M.wav,6,1.98,4.19,0.00,276.12,0.02,"(10, 300)",67.80,24.85,194.70,0,0,283,0,0.00
ASAP,Bach_Fugue_bwv_868_GonzalezJ05M.wav,6,1.00,4.19,0.00,124.72,0.04,"(10, 300)",66.33,27.93,72.49,0,0,131,0,0.00
ASAP,Chopin_Scherzos_31_TuanS05M.wav,6,0.97,4.17,0.00,584.86,0.01,"(10, 300)",275.58,65.31,1772.00,0,860,2337,0,145.70
ASAP,Bach_Fugue_bwv_848_SunY01M.wav,6,0.82,4.15,0.00,125.45,0.04,"(10, 300)",107.98,51.86,118.28,0,0,216,0,0.00
ASAP,Bach_Fugue_bwv_860_Ko04M.wav,6,0.50,4.15,0.00,169.31,0.03,"(10, 300)",62.60,32.10,70.14,0,0,171,0,0.00
ASAP,Bach_Fugue_bwv_848_LeeSH01M.wav,6,0.86,4.13,0.00,148.66,0.03,"(10, 300)",90.83,35.73,111.41,0,0,216,0,0.00
ASAP,Chopin_Scherzos_31_LinTami06M.wav,6,0.94,4.10,0.00,553.02,0.01,"(10, 300)",299.43,63.65,3544.00,0,1082,2337,0,180.48
ASAP,Schubert_Wanderer_fantasie_Larionova05M.wav,6,0.98,4.09,6.85,1264.07,0.01,"(10, 300)",175.95,8.76,1137.66,1,92,2406,6.84896,17.17
ASAP,Bach_Prelude_bwv_865_Rizikov01M.wav,6,0.99,4.09,0.00,60.37,0.08,"(10, 300)",88.37,51.33,96.30,0,0,81,0,0.00
ASAP,Bach_Fugue_bwv_876_Song01M.wav,6,0.50,4.08,0.00,90.49,0.05,"(10, 300)",97.27,38.30,108.94,0,0,138,0,0.00
ASAP,Chopin_Sonata_3_4th_HuangSW06M.wav,6,0.50,4.08,0.00,302.33,0.02,"(10, 300)",118.32,24.10,176.55,0,0,570,0,0.00
ASAP,Bach_Fugue_bwv_848_Zhou01M.wav,6,0.87,4.07,0.00,142.54,0.03,"(10, 300)",94.53,50.21,103.32,0,0,216,0,0.00
ASAP,Schubert_Piano_Sonatas_894-2_Yeletskiy08M.wav,6,1.39,4.07,0.00,460.36,0.01,"(10, 300)",83.96,26.48,141.35,0,0,604,0,0.00
ASAP,Chopin_Etudes_op_10_1_YuP02M.wav,6,1.00,4.06,0.00,117.21,0.04,"(10, 300)",169.44,75.54,202.81,0,0,312,0,0.00
ASAP,Bach_Prelude_bwv_889_Wang01M.wav,6,0.56,4.06,0.00,149.01,0.03,"(10, 300)",52.96,36.12,57.03,0,0,127,0,0.00
ASAP,Chopin_Scherzos_31_LuoJ12M.wav,6,0.97,4.02,0.00,537.09,0.01,"(10, 300)",306.81,58.72,11538.46,0,1084,2337,0,180.78
ASAP,Bach_Fugue_bwv_883_LuM01M.wav,6,0.85,4.00,0.00,183.46,0.03,"(10, 300)",93.22,45.58,114.40,0,0,276,0,0.00
ASAP,Bach_Fugue_bwv_848_Lou01M.wav,6,0.81,3.99,0.00,129.46,0.04,"(10, 300)",104.58,52.91,121.90,0,0,216,0,0.00
ASAP,Chopin_Scherzos_31_ZhangW04M.wav,6,1.02,3.98,0.00,580.55,0.01,"(10, 300)",280.04,61.34,1056.71,0,906,2337,0,151.00
ASAP,Chopin_Ballades_3_Ko11M.wav,6,0.00,3.96,0.00,419.58,0.01,"(10, 300)",72.81,34.54,136.33,0,0,480,0,0.00
ASAP,Schubert_Moment_Musical_no_1_MunA10M.wav,6,0.95,3.94,0.00,352.03,0.01,"(10, 300)",84.19,25.93,123.61,0,0,456,0,0.00
ASAP,Bach_Prelude_bwv_863_TongB01M.wav,6,1.03,3.94,0.00,94.35,0.05,"(10, 300)",38.10,19.06,41.28,0,0,56,0,0.00
ASAP,Schubert_Moment_musical_no_3_Tetzloff09M.wav,6,0.59,3.93,0.00,107.16,0.04,"(10, 300)",91.59,52.75,115.05,0,0,154,0,0.00
ASAP,Chopin_Etudes_op_10_8_MiyashitaM05M.wav,6,0.90,3.93,0.00,142.06,0.03,"(10, 300)",169.14,66.32,266.05,0,0,377,0,0.00
ASAP,Chopin_Etudes_op_10_4_Duepree06M.wav,6,0.97,3.91,0.00,125.74,0.04,"(10, 300)",163.42,80.35,230.40,0,0,325,0,0.00
ASAP,Bach_Fugue_bwv_892_Hou01M.wav,6,0.50,3.90,0.00,246.72,0.02,"(10, 300)",51.32,29.13,57.53,0,0,206,0,0.00
ASAP,Liszt_Transcendental_Etudes_5_WangY02M.wav,6,1.27,3.88,0.00,216.11,0.02,"(10, 300)",76.76,43.89,123.47,0,0,263,0,0.00
ASAP,Bach_Fugue_bwv_884_LiA01M.wav,6,0.66,3.87,0.00,66.92,0.07,"(10, 300)",208.35,62.93,250.69,0,0,213,0,0.00
ASAP,Bach_Fugue_bwv_854_MiyashitaM01M.wav,6,0.83,3.87,0.00,69.68,0.07,"(10, 300)",102.36,48.77,115.66,0,0,110,0,0.00
ASAP,Chopin_Ballades_4_Mizumoto02M.wav,6,0.68,3.82,7.10,654.67,0.02,"(10, 300)",50.74,8.45,108.94,1,0,482,7.10351,0.00
ASAP,Chopin_Etudes_op_10_8_Zhou03M.wav,6,0.96,3.79,0.00,134.52,0.04,"(10, 300)",178.31,88.87,346.48,0,1,377,0,0.17
ASAP,Bach_Fugue_bwv_860_Tetzloff04M.wav,6,0.50,3.78,0.00,164.53,0.03,"(10, 300)",64.97,24.86,74.62,0,0,171,0,0.00
ASAP,Chopin_Etudes_op_10_5_ZhangW03M.wav,6,1.01,3.77,0.00,101.09,0.05,"(10, 300)",108.60,44.32,138.80,0,0,168,0,0.00
ASAP,Bach_Prelude_bwv_857_ToA01M.wav,6,1.01,3.74,0.00,128.26,0.04,"(10, 300)",41.28,21.73,50.96,0,0,84,0,0.00
ASAP,Beethoven_Piano_Sonatas_32-1_HouY04M.wav,6,1.05,3.73,0.00,546.81,0.01,"(10, 300)",111.80,22.55,271.05,0,0,832,0,0.00
ASAP,Schumann_Toccata_repeat_WangY07M.wav,6,1.00,3.73,0.00,405.37,0.01,"(10, 300)",114.93,62.02,180.71,0,0,758,0,0.00
ASAP,Bach_Fugue_bwv_885_JeonH01M.wav,6,0.50,3.72,0.00,153.40,0.03,"(10, 300)",100.33,52.06,110.66,0,0,248,0,0.00
ASAP,Chopin_Scherzos_31_LeeN04M.wav,6,1.00,3.69,0.00,583.09,0.01,"(10, 300)",288.35,59.84,10471.20,0,863,2337,0,145.81
ASAP,Beethoven_Piano_Sonatas_29-4_ChowK05M.wav,6,0.50,3.68,41.91,675.48,0.07,"(10, 300)",128.97,4.83,295.39,4,0,1221,41.91473,0.00
ASAP,Chopin_Scherzos_39_Bult-ItoS05M.wav,6,1.01,3.67,0.00,419.96,0.01,"(10, 300)",312.33,65.23,951.32,0,1045,1944,0,168.29
ASAP,Bach_Fugue_bwv_864_SunD01M.wav,6,0.50,3.67,0.00,146.02,0.03,"(10, 300)",67.86,28.71,75.36,0,0,159,0,0.00
ASAP,Bach_Fugue_bwv_889_Giesbrecht01M.wav,6,0.50,3.67,0.00,95.88,0.04,"(10, 300)",71.66,40.63,79.45,0,0,109,0,0.00
ASAP,Liszt_Gran_Etudes_de_Paganini_2_La_campanella_VuV06M.wav,6,1.64,3.66,0.00,280.00,0.02,"(10, 300)",65.95,21.00,130.32,0,0,283,0,0.00
ASAP,Schubert_Piano_Sonatas_664-1_BuiJL06M.wav,6,0.35,3.65,0.00,344.07,0.01,"(10, 300)",95.88,39.18,132.26,0,0,531,0,0.00
ASAP,Bach_Prelude_bwv_854_MiyashitaM01M.wav,6,0.99,3.63,0.00,80.35,0.06,"(10, 300)",73.52,32.88,82.17,0,0,92,0,0.00
ASAP,Bach_Prelude_bwv_857_WangA01M.wav,6,1.08,3.62,0.00,134.93,0.03,"(10, 300)",38.94,21.41,42.41,0,0,84,0,0.00
ASAP,Chopin_Ballades_4_Kociuban07M.wav,6,1.00,3.61,0.00,648.48,0.01,"(10, 300)",51.36,10.29,109.98,0,0,482,0,0.00
ASAP,Chopin_Etudes_op_10_5_LiA03M.wav,6,0.99,3.60,0.00,93.28,0.05,"(10, 300)",116.54,54.34,135.53,0,0,168,0,0.00
ASAP,Chopin_Etudes_op_25_11_Sham02M.wav,6,1.00,3.59,0.00,216.75,0.02,"(10, 300)",118.05,16.98,166.95,0,0,380,0,0.00
ASAP,Chopin_Scherzos_31_HuNY08M.wav,6,1.03,3.57,0.00,581.97,0.01,"(10, 300)",280.18,38.36,14388.49,0,848,2337,0,147.04
ASAP,Bach_Fugue_bwv_889_ZhangW02M.wav,6,0.50,3.57,0.00,89.75,0.05,"(10, 300)",77.00,35.27,87.01,0,0,109,0,0.00
ASAP,Bach_Fugue_bwv_856_LuoJ01M.wav,6,0.50,3.55,0.00,69.16,0.06,"(10, 300)",200.54,52.84,236.47,0,0,214,0,0.00
ASAP,Bach_Prelude_bwv_885_Guo01M.wav,6,0.99,3.54,0.00,147.50,0.03,"(10, 300)",34.93,26.14,39.71,0,0,83,0,0.00
ASAP,Liszt_Gran_Etudes_de_Paganini_2_La_campanella_ZhangH07M.wav,6,1.29,3.54,0.00,271.01,0.02,"(10, 300)",67.20,22.08,115.49,0,0,283,0,0.00
ASAP,Bach_Prelude_bwv_870_LeeE01M.wav,6,0.98,3.53,0.00,144.39,0.03,"(10, 300)",56.89,35.68,64.29,0,0,132,0,0.00
ASAP,Liszt_Transcendental_Etudes_10_LeungM06M.wav,6,1.26,3.52,0.00,236.40,0.02,"(10, 300)",100.86,44.56,223.15,0,0,365,0,0.00
ASAP,Bach_Prelude_bwv_863_Shychko01M.wav,6,1.03,3.52,0.00,102.03,0.04,"(10, 300)",34.65,21.65,36.57,0,0,56,0,0.00
ASAP,Chopin_Sonata_3_4th_GarritsonL11M.wav,6,0.51,3.48,0.00,256.31,0.02,"(10, 300)",138.97,42.99,181.77,0,0,570,0,0.00
ASAP,Beethoven_Piano_Sonatas_23-1_LiuC02M.wav,6,1.04,3.47,0.00,518.23,0.01,"(10, 300)",137.22,19.16,3492.43,0,6,1045,0,0.68
ASAP,Chopin_Barcarolle_Ozel10M.wav,6,1.01,3.46,0.00,500.74,0.01,"(10, 300)",59.25,21.78,107.92,0,0,462,0,0.00
ASAP,Bach_Prelude_bwv_874_BianF01M.wav,6,0.97,3.46,0.00,154.46,0.03,"(10, 300)",89.65,46.50,104.25,0,0,223,0,0.00
ASAP,Bach_Fugue_bwv_860_ZhangH04M.wav,6,0.50,3.46,0.00,166.09,0.02,"(10, 300)",63.64,31.29,70.19,0,0,171,0,0.00
ASAP,Schubert_Impromptu_op.90_D.899_4_no_repeat_Huang10M.wav,6,1.01,3.44,0.00,403.94,0.01,"(10, 300)",126.76,40.53,162.54,0,0,822,0,0.00
ASAP,Bach_Prelude_bwv_893_Wong01M.wav,6,1.05,3.44,0.00,147.32,0.03,"(10, 300)",56.83,15.38,67.17,0,0,130,0,0.00
ASAP,Chopin_Scherzos_31_TongB04M.wav,6,1.02,3.43,0.00,560.78,0.01,"(10, 300)",285.02,55.17,929.08,0,980,2337,0,164.49
ASAP,Bach_Prelude_bwv_863_LeeN01M.wav,6,1.05,3.42,0.00,102.88,0.04,"(10, 300)",34.46,18.21,37.87,0,0,56,0,0.00
ASAP,Bach_Prelude_bwv_860_TuanS01M.wav,6,0.95,3.40,0.00,51.14,0.08,"(10, 300)",186.97,60.46,225.00,0,0,144,0,0.00
ASAP,Chopin_Etudes_op_10_4_Knoll03M.wav,6,1.01,3.39,0.00,112.88,0.04,"(10, 300)",181.37,94.23,292.57,0,0,325,0,0.00
ASAP,Bach_Fugue_bwv_858_Zhang01M.wav,6,0.99,3.39,0.00,129.59,0.03,"(10, 300)",65.02,33.56,72.68,0,0,135,0,0.00
ASAP,Haydn_Keyboard_Sonatas_50-1_no_repeat_Huang05M.wav,6,1.02,3.37,0.00,328.87,0.01,"(10, 300)",113.27,21.84,139.64,0,0,598,0,0.00
ASAP,Bach_Prelude_bwv_893_Levitsky04M.wav,6,1.09,3.36,0.00,135.67,0.03,"(10, 300)",62.05,14.05,70.03,0,0,130,0,0.00
ASAP,Beethoven_Piano_Sonatas_23-1_Guo03M.wav,6,0.99,3.36,0.00,572.42,0.01,"(10, 300)",116.73,18.30,503.61,0,2,1045,0,0.24
ASAP,Chopin_Etudes_op_10_4_ZhaoA03M.wav,6,1.01,3.36,0.00,124.04,0.04,"(10, 300)",164.37,106.96,232.73,0,0,325,0,0.00
ASAP,Beethoven_Piano_Sonatas_23-1_Mizumoto06M.wav,6,0.99,3.36,0.00,525.69,0.01,"(10, 300)",129.09,18.55,815.66,0,6,1045,0,0.86
ASAP,Chopin_Etudes_op_10_4_Sladek03M.wav,6,1.03,3.35,0.00,116.56,0.04,"(10, 300)",177.44,82.73,301.17,0,1,325,0,0.20
ASAP,Liszt_Gran_Etudes_de_Paganini_2_La_campanella_LeungR04M.wav,6,1.69,3.34,0.00,286.45,0.02,"(10, 300)",62.72,23.00,96.24,0,0,283,0,0.00
ASAP,Chopin_Etudes_op_10_2_JeonH02M.wav,6,1.04,3.34,0.00,82.35,0.05,"(10, 300)",149.43,73.00,162.94,0,0,192,0,0.00
ASAP,Bach_Fugue_bwv_854_Richardson01M.wav,6,0.81,3.34,0.00,63.95,0.06,"(10, 300)",111.59,46.62,125.22,0,0,110,0,0.00
ASAP,Chopin_Etudes_op_10_2_Hebert03M.wav,6,0.99,3.34,0.00,71.73,0.06,"(10, 300)",172.73,62.69,197.77,0,0,192,0,0.00
ASAP,Liszt_Gran_Etudes_de_Paganini_2_La_campanella_Lin07M.wav,6,1.55,3.33,0.00,268.55,0.02,"(10, 300)",68.64,28.05,192.40,0,0,283,0,0.00
ASAP,Chopin_Barcarolle_LeeSH05M.wav,6,0.98,3.33,0.00,522.16,0.01,"(10, 300)",58.05,19.61,106.87,0,0,462,0,0.00
ASAP,Chopin_Scherzos_31_Jussow11M.wav,6,0.98,3.32,0.00,568.05,0.01,"(10, 300)",288.98,40.35,1279.86,0,1009,2337,0,166.26
ASAP,Beethoven_Piano_Sonatas_16-2_LuoJ04M.wav,6,0.50,3.32,0.00,603.95,0.01,"(10, 300)",36.92,11.71,44.87,0,0,358,0,0.00
ASAP,Beethoven_Piano_Sonatas_31-3_4_Zuber04M.wav,6,0.53,3.30,7.07,646.22,0.02,"(10, 300)",61.50,8.49,98.25,1,0,527,7.06705,0.00
ASAP,Bach_Fugue_bwv_848_Lee01M.wav,6,0.85,3.30,0.00,127.17,0.03,"(10, 300)",105.77,53.74,121.10,0,0,216,0,0.00
ASAP,Bach_Fugue_bwv_893_Wong01M.wav,6,0.50,3.28,0.00,106.00,0.04,"(10, 300)",177.54,52.31,246.42,0,0,299,0,0.00
ASAP,Bach_Prelude_bwv_885_JeonH01M.wav,6,1.06,3.28,0.00,176.37,0.02,"(10, 300)",29.23,18.35,34.86,0,0,83,0,0.00
ASAP,Beethoven_Piano_Sonatas_30-1_MaslovV02M.wav,6,0.96,3.26,0.00,223.07,0.02,"(10, 300)",76.50,13.08,114.91,0,0,215,0,0.00
ASAP,Beethoven_Piano_Sonatas_17-2_USHIKI05M.wav,6,1.04,3.24,0.00,456.87,0.01,"(10, 300)",41.84,15.38,91.61,0,0,308,0,0.00
ASAP,Schubert_Impromptu_op142_1_Ozaki07M.wav,6,1.13,3.24,0.00,538.58,0.01,"(10, 300)",113.89,62.52,148.17,0,0,992,0,0.00
ASAP,Chopin_Scherzos_20_Kurz04M.wav,6,0.47,3.23,0.00,507.01,0.01,"(10, 300)",311.84,29.62,1535.71,0,1167,1872,0,180.85
ASAP,Beethoven_Piano_Sonatas_31-3_4_AbdelmoulaJS05M.wav,6,0.51,3.22,6.02,572.25,0.02,"(10, 300)",70.13,9.97,116.36,1,0,527,6.01953,0.00
ASAP,Bach_Fugue_bwv_870_LeeE01M.wav,6,0.70,3.20,0.00,87.79,0.04,"(10, 300)",116.94,74.21,135.69,0,0,163,0,0.00
ASAP,Bach_Prelude_bwv_891_Duepree06M.wav,6,1.08,3.19,0.00,141.74,0.03,"(10, 300)",72.18,27.23,78.01,0,0,164,0,0.00
ASAP,Bach_Fugue_bwv_870_MaximovI01M.wav,6,0.71,3.17,0.00,84.64,0.05,"(10, 300)",121.90,57.42,140.58,0,0,163,0,0.00
ASAP,Beethoven_Piano_Sonatas_30-1_TanakaM06M.wav,6,0.99,3.16,7.14,227.17,0.05,"(10, 300)",86.67,8.40,147.22,1,0,215,7.14062,0.00
ASAP,Bach_Fugue_bwv_889_LiuY01M.wav,6,0.50,3.11,0.00,86.35,0.04,"(10, 300)",79.83,35.67,89.37,0,0,109,0,0.00
ASAP,Bach_Prelude_bwv_875_Ahfat01M.wav,6,0.62,3.10,0.00,95.74,0.04,"(10, 300)",118.59,42.16,135.53,0,0,180,0,0.00
ASAP,Bach_Fugue_bwv_848_Denisova06M.wav,6,0.83,3.08,0.00,112.20,0.03,"(10, 300)",120.21,64.29,135.13,0,0,216,0,0.00
ASAP,Bach_Fugue_bwv_893_Kleisen04M.wav,6,0.50,3.08,0.00,91.28,0.04,"(10, 300)",207.42,62.44,415.14,0,1,299,0,0.14
ASAP,Bach_Fugue_bwv_860_YoungS01M.wav,6,0.50,3.07,0.00,149.14,0.02,"(10, 300)",71.35,21.57,79.23,0,0,171,0,0.00
ASAP,Bach_Prelude_bwv_857_Bult-ItoS02M.wav,6,1.02,3.07,0.00,100.89,0.04,"(10, 300)",52.54,29.06,61.24,0,0,84,0,0.00
ASAP,Chopin_Ballades_2_Tetzloff06M.wav,6,1.43,3.07,6.38,412.47,0.03,"(10, 300)",71.29,9.41,131.84,1,0,407,6.3789,0.00
ASAP,Schubert_Piano_Sonatas_664-1_Mo10M.wav,6,1.04,3.06,0.00,340.79,0.01,"(10, 300)",98.26,17.29,142.44,0,0,531,0,0.00
ASAP,Chopin_Etudes_op_10_4_ZhangE03M.wav,6,1.04,3.05,0.00,113.61,0.04,"(10, 300)",179.83,119.01,278.25,0,0,325,0,0.00
ASAP,Bach_Fugue_bwv_883_KaiRuiR03.wav,6,2.12,3.03,0.00,163.50,0.03,"(10, 300)",105.31,38.42,122.95,0,0,276,0,0.00
ASAP,Bach_Prelude_bwv_867_HuNY01M.wav,6,1.00,3.02,0.00,169.50,0.02,"(10, 300)",34.49,20.27,38.65,0,0,94,0,0.00
ASAP,Chopin_Sonata_2_4th_KaszoS16M.wav,6,0.51,3.02,0.00,82.78,0.04,"(10, 300)",294.00,82.51,2266.72,0,15,306,0,1.22
ASAP,Bach_Fugue_bwv_885_SINKEV06.wav,6,0.96,3.01,0.00,146.18,0.03,"(10, 300)",106.32,44.19,118.64,0,0,248,0,0.00
ASAP,Bach_Prelude_bwv_891_BLINOV04M.wav,6,1.07,3.01,0.00,155.54,0.03,"(10, 300)",65.27,32.52,70.06,0,0,164,0,0.00
ASAP,Schubert_Impromptu_op.90_D.899_4_no_repeat_WongWY08M.wav,6,1.08,3.00,0.00,369.29,0.01,"(10, 300)",145.08,34.36,200.51,0,0,822,0,0.00
ASAP,Liszt_Gran_Etudes_de_Paganini_2_La_campanella_BuiJL03M.wav,6,1.80,3.00,0.00,283.14,0.02,"(10, 300)",64.12,21.18,130.61,0,0,283,0,0.00
ASAP,Bach_Fugue_bwv_848_Mizumoto03M.wav,6,0.88,2.99,0.00,131.55,0.03,"(10, 300)",102.12,45.62,119.23,0,0,216,0,0.00
ASAP,Bach_Fugue_bwv_854_Ozaki01M.wav,6,0.81,2.98,0.00,60.83,0.06,"(10, 300)",116.07,78.61,126.94,0,0,110,0,0.00
ASAP,Schubert_Piano_Sonatas_894-2_no_repeat_CHEN11M.wav,6,1.49,2.97,0.00,464.91,0.01,"(10, 300)",72.96,25.18,102.76,0,0,538,0,0.00
ASAP,Rachmaninoff_Preludes_op_32_5_Namirovsky06M.wav,6,0.47,2.96,7.29,164.11,0.07,"(10, 300)",66.97,8.23,123.43,1,0,160,7.28906,0.00
ASAP,Schubert_Piano_Sonatas_894-2_no_repeat_Lee10M.wav,6,1.36,2.94,0.00,411.85,0.01,"(10, 300)",81.46,36.97,111.04,0,0,538,0,0.00
ASAP,Chopin_Barcarolle_Na09M.wav,6,0.99,2.92,0.00,488.07,0.01,"(10, 300)",60.71,25.40,98.25,0,0,462,0,0.00
ASAP,Chopin_Etudes_op_10_8_Tetzloff07M.wav,6,0.97,2.91,0.00,137.66,0.03,"(10, 300)",175.66,56.96,397.25,0,2,377,0,0.32
ASAP,Liszt_Transcendental_Etudes_5_LiuY06M.wav,6,1.33,2.91,0.00,223.16,0.02,"(10, 300)",73.91,30.00,104.02,0,0,263,0,0.00
ASAP,Bach_Prelude_bwv_860_Nikiforov05M.wav,6,1.01,2.90,0.00,50.29,0.08,"(10, 300)",187.93,82.51,218.39,0,0,144,0,0.00
ASAP,Bach_Fugue_bwv_889_Wang01M.wav,6,0.50,2.90,0.00,92.46,0.04,"(10, 300)",74.16,32.06,80.98,0,0,109,0,0.00
ASAP,Beethoven_Piano_Sonatas_28-1_KimHJ02M.wav,6,0.99,2.89,0.00,234.29,0.02,"(10, 300)",54.63,16.19,68.37,0,0,203,0,0.00
ASAP,Liszt_Transcendental_Etudes_4_LiuC04M.wav,6,1.10,2.86,0.00,395.66,0.01,"(10, 300)",130.37,10.20,319.11,0,5,681,0,0.97
ASAP,Liszt_Transcendental_Etudes_5_Min03M.wav,6,1.37,2.86,0.00,210.36,0.02,"(10, 300)",79.07,28.35,144.22,0,0,263,0,0.00
ASAP,Haydn_Keyboard_Sonatas_46-1_WongWY02M.wav,6,0.97,2.85,0.00,363.66,0.01,"(10, 300)",76.71,24.91,100.70,0,0,446,0,0.00
ASAP,Chopin_Etudes_op_10_4_LeeSH03M.wav,6,0.98,2.84,0.00,116.64,0.03,"(10, 300)",174.53,111.09,315.61,0,1,325,0,0.19
ASAP,Bach_Prelude_bwv_848_LeeSH01M.wav,6,0.97,2.83,0.00,81.31,0.05,"(10, 300)",241.55,87.56,276.93,0,0,309,0,0.00
ASAP,Liszt_Gran_Etudes_de_Paganini_2_La_campanella_LiuC05M.wav,6,1.77,2.82,0.00,263.88,0.02,"(10, 300)",71.13,21.95,195.03,0,0,283,0,0.00
ASAP,Bach_Prelude_bwv_889_MunA01M.wav,6,1.05,2.81,0.00,138.32,0.03,"(10, 300)",56.75,42.11,65.15,0,0,127,0,0.00
ASAP,Mozart_Piano_Sonatas_12-3_WuuE04M.wav,6,0.58,2.79,0.00,307.89,0.01,"(10, 300)",97.21,43.54,120.25,0,0,489,0,0.00
ASAP,Liszt_Gran_Etudes_de_Paganini_6_Theme_and_Variations_WangA07M.wav,6,1.06,2.78,0.00,281.58,0.01,"(10, 300)",111.27,28.67,201.22,0,0,439,0,0.00
ASAP,Bach_Fugue_bwv_889_MunA01M.wav,6,0.50,2.78,0.00,96.15,0.03,"(10, 300)",70.68,41.99,74.61,0,0,109,0,0.00
ASAP,Liszt_Transcendental_Etudes_10_CaoJ03M.wav,6,1.51,2.78,0.00,268.47,0.02,"(10, 300)",90.98,22.53,179.16,0,0,365,0,0.00
ASAP,Chopin_Etudes_op_10_5_LiC02M.wav,6,1.04,2.76,0.00,96.73,0.04,"(10, 300)",113.34,32.41,138.13,0,0,168,0,0.00
ASAP,Chopin_Etudes_op_10_4_Richardson_2013_03M.wav,6,1.00,2.73,0.00,120.16,0.03,"(10, 300)",168.43,117.85,200.35,0,0,325,0,0.00
ASAP,Bach_Prelude_bwv_893_Kleisen04M.wav,6,1.06,2.71,0.00,130.50,0.03,"(10, 300)",62.80,22.99,68.88,0,0,130,0,0.00
ASAP,Chopin_Ballades_4_Levitsky18M.wav,6,0.98,2.71,0.00,629.51,0.01,"(10, 300)",52.27,11.87,137.35,0,0,482,0,0.00
ASAP,Bach_Fugue_bwv_885_Guo01M.wav,6,0.50,2.70,0.00,155.98,0.02,"(10, 300)",98.08,49.91,108.42,0,0,248,0,0.00
ASAP,Bach_Fugue_bwv_893_Levitsky04M.wav,6,0.50,2.70,0.00,89.80,0.04,"(10, 300)",209.23,68.32,264.07,0,0,299,0,0.00
ASAP,Beethoven_Piano_Sonatas_31-3_4_ADIG05M.wav,6,0.53,2.65,0.00,589.27,0.01,"(10, 300)",62.15,13.91,97.88,0,0,527,0,0.00
ASAP,Liszt_Gran_Etudes_de_Paganini_2_La_campanella_LiuY03M.wav,6,1.77,2.64,0.00,265.79,0.02,"(10, 300)",70.02,20.39,128.71,0,0,283,0,0.00
ASAP,Bach_Prelude_bwv_876_SirajA01M.wav,6,0.99,2.64,0.00,131.15,0.03,"(10, 300)",101.66,26.09,111.30,0,0,211,0,0.00
ASAP,Mozart_Fantasie_475_Huangci05M.wav,6,1.02,2.63,0.00,692.88,0.01,"(10, 300)",89.54,16.19,299.25,0,0,681,0,0.00
ASAP,Beethoven_Piano_Sonatas_32-1_Jussow06M.wav,6,1.18,2.60,0.00,546.13,0.01,"(10, 300)",113.91,20.15,315.16,0,7,832,0,1.33
ASAP,Mozart_Piano_Sonatas_12-3_MunA05M.wav,6,0.51,2.58,0.00,290.08,0.01,"(10, 300)",102.84,54.62,119.38,0,0,489,0,0.00
ASAP,Bach_Prelude_bwv_888_ZhaoK01M.wav,6,1.06,2.57,0.00,102.84,0.04,"(10, 300)",80.48,24.84,87.01,0,0,131,0,0.00
ASAP,Beethoven_Piano_Sonatas_24-1_no_repeat_Lou02M.wav,6,1.03,2.56,7.29,229.00,0.05,"(10, 300)",120.17,8.23,178.33,1,0,408,7.29115,0.00
ASAP,Chopin_Ballades_2_Denisova17M.wav,6,1.44,2.55,0.00,341.64,0.01,"(10, 300)",78.93,12.42,123.04,0,0,407,0,0.00
ASAP,Bach_Fugue_bwv_848_Lin04M.wav,6,0.82,2.55,0.00,121.81,0.03,"(10, 300)",109.76,62.90,128.72,0,0,216,0,0.00
ASAP,Haydn_Keyboard_Sonatas_31-1_Song05M.wav,6,1.07,2.54,0.00,191.07,0.02,"(10, 300)",84.05,46.19,106.79,0,0,258,0,0.00
ASAP,Chopin_Polonaises_53_YeF11M.wav,6,0.99,2.53,0.00,458.40,0.01,"(10, 300)",76.58,18.66,137.14,0,0,540,0,0.00
ASAP,Bach_Prelude_bwv_865_Teo01M.wav,6,0.97,2.52,0.00,58.52,0.06,"(10, 300)",89.90,31.76,99.10,0,0,81,0,0.00
ASAP,Liszt_Gran_Etudes_de_Paganini_2_La_campanella_Yang05M.wav,6,6.78,2.48,0.00,256.20,0.04,"(10, 300)",71.69,29.60,108.30,0,0,283,0,0.00
ASAP,Beethoven_Piano_Sonatas_31-3_4_LeungM05M.wav,6,0.54,2.48,0.00,577.66,0.01,"(10, 300)",66.56,17.04,117.25,0,0,527,0,0.00
ASAP,Bach_Fugue_bwv_880_WangA04M.wav,6,0.50,2.45,0.00,101.40,0.03,"(10, 300)",119.20,68.28,137.14,0,0,195,0,0.00
ASAP,Bach_Prelude_bwv_885_SINKEV06.wav,6,2.10,2.41,0.00,165.21,0.03,"(10, 300)",31.07,24.23,33.57,0,0,83,0,0.00
ASAP,Bach_Prelude_bwv_857_YuP01M.wav,6,0.99,2.40,0.00,113.50,0.03,"(10, 300)",45.99,30.14,50.12,0,0,84,0,0.00
ASAP,Liszt_Gran_Etudes_de_Paganini_2_La_campanella_MunA08M.wav,6,1.74,2.38,0.00,263.77,0.02,"(10, 300)",68.81,26.73,157.59,0,0,283,0,0.00
ASAP,Beethoven_Piano_Sonatas_31-3_4_Na06M.wav,6,0.52,2.37,0.00,603.86,0.00,"(10, 300)",60.89,15.30,99.36,0,0,527,0,0.00
ASAP,Scriabin_Etudes_op_8_11_Shi08M.wav,6,1.02,2.36,0.00,290.01,0.01,"(10, 300)",35.71,15.58,62.84,0,0,159,0,0.00
ASAP,Bach_Prelude_bwv_865_ZhangE01M.wav,6,1.04,2.36,0.00,61.58,0.06,"(10, 300)",83.78,57.19,89.72,0,0,81,0,0.00
ASAP,Beethoven_Piano_Sonatas_27-1_MiyashitaM02M.wav,6,1.00,2.36,0.00,320.03,0.01,"(10, 300)",146.20,28.25,232.26,0,0,733,0,0.00
ASAP,Beethoven_Piano_Sonatas_26-2_LEE_K05M.wav,6,1.07,2.36,0.00,227.42,0.02,"(10, 300)",22.52,16.40,26.35,0,0,83,0,0.00
ASAP,Bach_Prelude_bwv_862_Song04M.wav,6,1.09,2.33,0.00,75.20,0.05,"(10, 300)",108.97,45.29,128.00,0,0,129,0,0.00
ASAP,Bach_Fugue_bwv_880_LeungR01M.wav,6,0.50,2.32,0.00,96.48,0.03,"(10, 300)",125.36,72.62,145.45,0,0,195,0,0.00
ASAP,Beethoven_Piano_Sonatas_27-1_Ko05M.wav,6,1.07,2.30,0.00,309.54,0.01,"(10, 300)",150.35,47.65,222.61,0,0,733,0,0.00
ASAP,Beethoven_Piano_Sonatas_24-1_no_2_repeat_Cui06M.wav,6,0.99,2.30,0.00,279.42,0.01,"(10, 300)",126.13,14.23,158.35,0,0,544,0,0.00
ASAP,Bach_Prelude_bwv_880_LeungR01M.wav,6,0.96,2.28,0.00,206.50,0.02,"(10, 300)",63.70,38.66,71.38,0,0,215,0,0.00
ASAP,Schubert_Impromptu_op.90_D.899_2_Levitsky09M.wav,6,1.04,2.26,0.00,266.77,0.01,"(10, 300)",201.46,60.75,338.81,0,7,847,0,1.29
ASAP,Liszt_Mephisto_Waltz_ChernovA04M.wav,6,1.08,2.26,17.10,684.77,0.03,"(10, 300)",311.68,5.78,1181.57,2,1504,2601,17.0957,232.94
ASAP,Bach_Prelude_bwv_887_LiYZ01M.wav,6,1.07,2.25,0.00,112.94,0.03,"(10, 300)",110.15,36.76,130.61,0,0,199,0,0.00
ASAP,Chopin_Etudes_op_10_1_MunA07M.wav,6,1.00,2.25,0.00,105.32,0.03,"(10, 300)",185.48,120.76,229.48,0,0,312,0,0.00
ASAP,Chopin_Polonaises_53_Chon08M.wav,6,1.03,2.24,0.00,382.03,0.01,"(10, 300)",89.30,22.36,191.00,0,0,540,0,0.00
ASAP,Bach_Prelude_bwv_856_LuoJ01M.wav,6,1.03,2.23,0.00,58.05,0.06,"(10, 300)",78.20,48.06,86.85,0,0,71,0,0.00
ASAP,Bach_Prelude_bwv_848_MiyashitaM01M.wav,6,1.02,2.22,0.00,75.57,0.04,"(10, 300)",259.57,70.64,308.02,0,4,309,0,0.79
ASAP,Bach_Fugue_bwv_883_Herbert02.wav,6,1.73,2.22,0.00,202.25,0.02,"(10, 300)",83.84,39.48,95.95,0,0,276,0,0.00
ASAP,Bach_Prelude_bwv_874_WongWY01M.wav,6,1.04,2.22,0.00,169.28,0.02,"(10, 300)",81.21,41.19,100.70,0,0,223,0,0.00
ASAP,Bach_Prelude_bwv_848_Denisova06M.wav,6,1.03,2.19,0.00,68.82,0.05,"(10, 300)",285.13,113.22,407.77,0,64,309,0,12.34
ASAP,Beethoven_Piano_Sonatas_21-1_no_repeat_Shychko02M.wav,6,0.99,2.18,0.00,521.13,0.01,"(10, 300)",143.76,55.85,1806.68,0,1,1204,0,0.03
ASAP,Chopin_Ballades_2_Gasanov08M.wav,6,1.19,2.17,0.00,428.26,0.01,"(10, 300)",63.41,14.24,112.12,0,0,407,0,0.00
ASAP,Bach_Prelude_bwv_858_Zhang01M.wav,6,0.98,2.16,0.00,87.21,0.04,"(10, 300)",85.27,52.69,96.99,0,0,119,0,0.00
ASAP,Chopin_Etudes_op_10_4_Kurz03M.wav,6,1.01,2.16,0.00,123.41,0.03,"(10, 300)",163.55,89.48,235.70,0,0,325,0,0.00
ASAP,Balakirev_Islamey_CHEN10M.wav,6,0.97,2.16,0.00,532.31,0.01,"(10, 300)",139.32,33.53,251.53,0,0,1040,0,0.00
ASAP,Beethoven_Piano_Sonatas_31-1_Ahfat02M.wav,6,1.02,2.14,0.00,399.09,0.01,"(10, 300)",54.61,15.90,172.59,0,0,345,0,0.00
ASAP,Bach_Prelude_bwv_860_ZhangH04M.wav,6,1.02,2.14,0.00,49.53,0.06,"(10, 300)",186.90,134.84,223.69,0,0,144,0,0.00
ASAP,Beethoven_Piano_Sonatas_27-2_GiacomelliN05M.wav,6,1.12,2.13,0.00,436.26,0.01,"(10, 300)",83.67,31.71,139.64,0,0,579,0,0.00
ASAP,Liszt_Hungarian_Rhapsodies_6_LiA09M.wav,6,1.00,2.12,0.00,388.83,0.01,"(10, 300)",121.89,15.09,283.74,0,0,562,0,0.00
ASAP,Beethoven_Piano_Sonatas_31-1_ADIG05M.wav,6,1.06,2.10,0.00,364.57,0.01,"(10, 300)",58.75,14.08,92.75,0,0,345,0,0.00
ASAP,Bach_Prelude_bwv_875_CaoJ01M.wav,6,1.00,2.10,0.00,88.54,0.03,"(10, 300)",126.78,76.17,141.18,0,0,180,0,0.00
ASAP,Bach_Prelude_bwv_875_HONG04M.wav,6,0.97,2.08,0.00,88.14,0.03,"(10, 300)",127.47,76.55,153.40,0,0,180,0,0.00
ASAP,Chopin_Etudes_op_25_11_Song02M.wav,6,0.98,2.08,0.00,222.51,0.01,"(10, 300)",112.30,24.71,154.37,0,0,380,0,0.00
ASAP,Haydn_Keyboard_Sonatas_48-2_GarritsonL03M.wav,6,0.50,2.07,0.00,215.21,0.01,"(10, 300)",166.11,109.72,201.22,0,0,585,0,0.00
ASAP,Bach_Prelude_bwv_860_Ko04M.wav,6,1.09,2.07,0.00,49.31,0.06,"(10, 300)",188.19,105.87,229.25,0,0,144,0,0.00
ASAP,Beethoven_Piano_Sonatas_18-4_ChenGuang06M.wav,6,0.69,2.06,0.00,281.34,0.01,"(10, 300)",183.01,68.17,276.75,0,0,822,0,0.00
ASAP,Liszt_Gran_Etudes_de_Paganini_6_Theme_and_Variations_repeat_KanM09M.wav,6,0.68,2.06,0.00,341.22,0.01,"(10, 300)",96.18,14.74,171.62,0,0,447,0,0.00
ASAP,Bach_Prelude_bwv_889_YangY02M.wav,6,0.88,2.05,0.00,131.14,0.02,"(10, 300)",59.76,29.84,78.33,0,0,127,0,0.00
ASAP,Schubert_Piano_Sonatas_894-2_no_repeat_SINKEV12M.wav,6,1.40,2.05,0.00,433.42,0.01,"(10, 300)",80.92,31.22,1693.96,0,1,538,0,0.04
ASAP,Schubert_Impromptu_op.90_D.899_4_no_repeat_Lin11M.wav,6,0.98,2.03,0.00,344.37,0.01,"(10, 300)",149.59,50.92,192.30,0,0,822,0,0.00
ASAP,Beethoven_Piano_Sonatas_21-1_no_repeat_YeZ02M.wav,6,0.84,2.03,0.00,536.37,0.01,"(10, 300)",141.34,32.34,1335.71,0,1,1204,0,0.04
ASAP,Beethoven_Piano_Sonatas_3-1_Lin05M.wav,6,1.00,2.02,0.00,431.92,0.01,"(10, 300)",152.74,33.42,365.72,0,3,1063,0,0.54
ASAP,Beethoven_Piano_Sonatas_4-1_Chon03M.wav,6,0.99,2.02,0.00,334.01,0.01,"(10, 300)",132.06,58.59,185.80,0,0,720,0,0.00
ASAP,Beethoven_Piano_Sonatas_21-3_Sekino05M.wav,6,0.50,2.01,0.00,606.27,0.00,"(10, 300)",114.41,13.07,1137.87,0,1,1084,0,0.05
ASAP,Beethoven_Piano_Sonatas_4-1_LiA04M.wav,6,1.00,2.01,0.00,327.79,0.01,"(10, 300)",134.45,67.02,160.89,0,0,720,0,0.00
ASAP,Bach_Prelude_bwv_880_WangA04M.wav,6,1.09,1.99,0.00,168.15,0.02,"(10, 300)",78.37,44.18,84.63,0,0,215,0,0.00
ASAP,Haydn_Keyboard_Sonatas_48-2_PrjevalskayaM03M.wav,6,0.50,1.99,0.00,236.67,0.01,"(10, 300)",151.20,84.24,182.50,0,0,585,0,0.00
ASAP,Beethoven_Piano_Sonatas_21-1_no_repeat_Sladek02M.wav,6,0.99,1.98,0.00,491.52,0.01,"(10, 300)",156.29,33.44,4608.29,0,1,1204,0,0.01
ASAP,Beethoven_Piano_Sonatas_21-1_no_repeat_LeeN02M.wav,6,0.86,1.95,0.00,486.09,0.01,"(10, 300)",156.51,26.93,1265.82,0,4,1204,0,0.51
ASAP,Bach_Prelude_bwv_864_SunD01M.wav,6,1.02,1.95,0.00,64.71,0.05,"(10, 300)",92.22,40.54,101.59,0,0,94,0,0.00
ASAP,Beethoven_Piano_Sonatas_5-1_Colafelice02M.wav,6,1.00,1.92,0.00,273.00,0.01,"(10, 300)",197.07,62.14,465.44,0,5,846,0,0.82
ASAP,Bach_Prelude_bwv_889_ZhangW02M.wav,6,0.88,1.91,0.00,123.72,0.02,"(10, 300)",63.49,30.19,69.06,0,0,127,0,0.00
ASAP,Chopin_Etudes_op_25_11_Shychko03M.wav,6,1.01,1.91,0.00,202.13,0.01,"(10, 300)",119.99,32.84,162.83,0,0,380,0,0.00
ASAP,Chopin_Etudes_op_25_11_KyykhynenT10M.wav,6,1.04,1.91,0.00,223.59,0.01,"(10, 300)",108.64,23.31,166.66,0,0,380,0,0.00
ASAP,Beethoven_Piano_Sonatas_21-3_KimSY04M.wav,6,0.50,1.90,0.00,579.53,0.00,"(10, 300)",116.87,25.46,276.75,0,0,1084,0,0.00
ASAP,Beethoven_Piano_Sonatas_3-1_Bult-ItoS03M.wav,6,1.02,1.89,0.00,447.49,0.01,"(10, 300)",148.09,26.28,371.63,0,3,1063,0,0.53
ASAP,Haydn_Keyboard_Sonatas_50-1_no_repeat_JeonH03M.wav,6,1.04,1.88,0.00,327.40,0.01,"(10, 300)",113.58,24.50,140.83,0,0,598,0,0.00
ASAP,Beethoven_Piano_Sonatas_21-1_no_repeat_ZhangW01M.wav,6,1.00,1.88,0.00,490.14,0.01,"(10, 300)",155.10,18.90,284.44,0,0,1204,0,0.00
ASAP,Debussy_Images_Book_1_1_Reflets_dans_lEau_ParkJH13M.wav,6,0.99,1.85,0.00,300.45,0.01,"(10, 300)",82.62,23.52,186.56,0,0,372,0,0.00
ASAP,Beethoven_Piano_Sonatas_4-1_LeeE02M.wav,6,0.97,1.84,0.00,340.18,0.01,"(10, 300)",128.91,82.97,193.29,0,0,720,0,0.00
ASAP,Bach_Prelude_bwv_889_LiuY01M.wav,6,1.02,1.82,0.00,138.49,0.02,"(10, 300)",56.40,34.00,65.68,0,0,127,0,0.00
ASAP,Beethoven_Piano_Sonatas_26-1_no_repeat_Kim02M.wav,6,1.04,1.81,0.00,339.18,0.01,"(10, 300)",223.32,21.31,320.00,0,5,984,0,0.97
ASAP,Liszt_Mephisto_Waltz_ChenGuang24M.wav,6,1.00,1.81,8.72,678.00,0.02,"(10, 300)",326.67,6.88,1510.57,1,1506,2601,8.71745,219.34
ASAP,Beethoven_Piano_Sonatas_11-1_LiYZ03M.wav,6,1.04,1.80,0.00,337.26,0.01,"(10, 300)",143.48,42.83,170.92,0,0,793,0,0.00
ASAP,Beethoven_Piano_Sonatas_26-3_Zhdanov05M.wav,6,0.51,1.80,0.00,340.88,0.01,"(10, 300)",99.47,11.92,121.42,0,0,532,0,0.00
ASAP,Schubert_Impromptu_op.90_D.899_2_HuNY06M.wav,6,1.07,1.80,0.00,288.91,0.01,"(10, 300)",181.16,61.90,255.44,0,0,847,0,0.00
ASAP,Bach_Prelude_bwv_860_YoungS01M.wav,6,1.00,1.79,0.00,47.85,0.06,"(10, 300)",196.50,44.85,229.03,0,0,144,0,0.00
ASAP,Beethoven_Piano_Sonatas_11-1_LiC03M.wav,6,1.02,1.79,0.00,323.39,0.01,"(10, 300)",149.36,53.23,186.71,0,0,793,0,0.00
ASAP,Haydn_Keyboard_Sonatas_50-1_no_repeat_KARYAG06M.wav,6,0.09,1.78,0.00,303.64,0.01,"(10, 300)",122.23,25.54,457.14,0,1,598,0,0.13
ASAP,Schubert_Impromptu_op.90_D.899_4_no_repeat_LuoJ09M.wav,6,1.04,1.77,0.00,355.42,0.01,"(10, 300)",144.48,32.56,186.40,0,0,822,0,0.00
ASAP,Beethoven_Piano_Sonatas_21-1_no_repeat_SunY02M.wav,6,0.79,1.77,0.00,481.97,0.01,"(10, 300)",156.98,24.31,316.49,0,1,1204,0,0.19
ASAP,Beethoven_Piano_Sonatas_18-1_Levitsky05M.wav,6,1.11,1.76,0.00,353.40,0.01,"(10, 300)",140.88,51.40,2425.22,0,4,756,0,0.58
ASAP,Schubert_Piano_Sonatas_664-1_KabuliL10M.wav,6,0.98,1.75,0.00,319.75,0.01,"(10, 300)",102.62,42.45,133.65,0,0,531,0,0.00
ASAP,Beethoven_Piano_Sonatas_5-1_SunD02M.wav,6,1.01,1.74,0.00,237.39,0.01,"(10, 300)",223.05,90.07,514.27,0,13,846,0,2.01
ASAP,Bach_Prelude_bwv_868_GonzalezJ05M.wav,6,1.00,1.72,0.00,64.48,0.04,"(10, 300)",72.54,34.53,76.21,0,0,74,0,0.00
ASAP,Beethoven_Piano_Sonatas_21-3_YOO05M.wav,6,0.50,1.72,0.00,557.69,0.00,"(10, 300)",122.48,15.29,203.89,0,0,1084,0,0.00
ASAP,Beethoven_Piano_Sonatas_10-1_Hou02M.wav,6,1.49,1.72,0.00,279.94,0.01,"(10, 300)",88.34,29.93,109.98,0,0,398,0,0.00
ASAP,Beethoven_Piano_Sonatas_21-1_no_repeat_TongB03M.wav,6,0.84,1.72,0.00,503.13,0.01,"(10, 300)",151.87,17.63,274.29,0,0,1204,0,0.00
ASAP,Beethoven_Piano_Sonatas_7-4_Larionova04M.wav,6,0.76,1.71,0.00,225.16,0.01,"(10, 300)",132.64,27.10,170.98,0,0,448,0,0.00
ASAP,Beethoven_Piano_Sonatas_26-1_HuNY02M.wav,6,0.98,1.70,0.00,408.83,0.01,"(10, 300)",223.12,18.04,349.10,0,29,1196,0,5.55
ASAP,Beethoven_Piano_Sonatas_21-1_no_repeat_WangA02M.wav,6,0.80,1.70,0.00,474.82,0.01,"(10, 300)",157.83,24.70,340.12,0,2,1204,0,0.36
ASAP,Schubert_Impromptu_op.90_D.899_2_KaiRuiR05M.wav,6,0.97,1.68,0.00,288.96,0.01,"(10, 300)",182.53,58.48,312.19,0,1,847,0,0.19
ASAP,Beethoven_Piano_Sonatas_18-1_LeungR02M.wav,6,0.97,1.68,0.00,354.72,0.01,"(10, 300)",132.61,51.78,163.17,0,0,756,0,0.00
ASAP,Haydn_Keyboard_Sonatas_39-3_Yarden07M.wav,6,0.50,1.68,0.00,251.73,0.01,"(10, 300)",117.22,67.32,143.11,0,0,482,0,0.00
ASAP,Beethoven_Piano_Sonatas_27-1_GiacomelliN04M.wav,6,0.97,1.68,0.00,319.46,0.01,"(10, 300)",150.25,34.75,351.76,0,1,733,0,0.17
ASAP,Liszt_Mephisto_Waltz_Tysman07M.wav,6,0.99,1.68,6.16,642.60,0.01,"(10, 300)",324.72,9.75,5758.16,1,1562,2601,6.15559,241.31
ASAP,Chopin_Etudes_op_25_11_MiyashitaM03M.wav,6,1.00,1.67,0.00,221.57,0.01,"(10, 300)",110.54,23.79,151.98,0,0,380,0,0.00
ASAP,Beethoven_Piano_Sonatas_21-1_no_repeat_GonzalezJ06M.wav,6,0.81,1.65,0.00,471.84,0.01,"(10, 300)",157.05,36.59,298.26,0,0,1204,0,0.00
ASAP,Beethoven_Piano_Sonatas_11-1_ZhaoK02M.wav,6,1.04,1.65,0.00,319.62,0.01,"(10, 300)",151.27,43.47,181.70,0,0,793,0,0.00
ASAP,Beethoven_Piano_Sonatas_26-2_HONG05M.wav,6,1.01,1.62,0.00,209.58,0.01,"(10, 300)",24.18,19.44,27.30,0,0,83,0,0.00
ASAP,Chopin_Etudes_op_10_12_HuNY03M.wav,6,0.99,1.61,0.00,159.06,0.02,"(10, 300)",135.90,43.46,218.18,0,0,333,0,0.00
ASAP,Bach_Prelude_bwv_848_Lou01M.wav,6,0.98,1.61,0.00,71.97,0.04,"(10, 300)",269.90,98.36,315.62,0,16,309,0,3.15
ASAP,Liszt_Sonata_Gasanov06M.wav,6,1.00,1.61,0.00,1671.76,0.00,"(10, 300)",121.69,13.48,3614.46,0,5,2631,0,0.40
ASAP,Beethoven_Piano_Sonatas_21-1_no_repeat_ToA02M.wav,6,1.00,1.60,0.00,485.26,0.01,"(10, 300)",156.16,23.27,1129.31,0,4,1204,0,0.59
ASAP,Beethoven_Piano_Sonatas_4-1_SirajA02M.wav,6,1.00,1.60,0.00,334.84,0.01,"(10, 300)",131.51,66.44,166.47,0,0,720,0,0.00
ASAP,Beethoven_Piano_Sonatas_9-3_Tysman05M.wav,6,0.51,1.59,0.00,195.28,0.01,"(10, 300)",84.83,17.67,103.78,0,0,261,0,0.00
ASAP,Schubert_Piano_Sonatas_664-3_KabuliL12M.wav,6,0.50,1.59,0.00,306.08,0.01,"(10, 300)",85.47,48.14,101.05,0,0,431,0,0.00
ASAP,Bach_Prelude_bwv_854_Ozaki01M.wav,6,1.00,1.58,0.00,84.77,0.03,"(10, 300)",67.52,39.21,74.56,0,0,92,0,0.00
ASAP,Beethoven_Piano_Sonatas_21-1_KaiRuiR02M.wav,6,0.80,1.58,0.00,638.55,0.00,"(10, 300)",151.70,29.61,221.97,0,0,1544,0,0.00
ASAP,Bach_Prelude_bwv_889_Giesbrecht01M.wav,6,0.96,1.58,0.00,144.83,0.02,"(10, 300)",53.62,42.59,57.24,0,0,127,0,0.00
ASAP,Beethoven_Piano_Sonatas_7-1_WangY01M.wav,6,1.23,1.56,0.00,305.86,0.01,"(10, 300)",140.70,29.71,213.33,0,0,685,0,0.00
ASAP,Scriabin_Sonatas_5_Na07M.wav,6,0.95,1.56,0.00,707.20,0.00,"(10, 300)",116.30,11.36,492.85,0,17,1002,0,2.60
ASAP,Beethoven_Piano_Sonatas_7-4_LeeS05M.wav,6,0.76,1.55,0.00,236.11,0.01,"(10, 300)",130.12,22.65,178.60,0,0,448,0,0.00
ASAP,Bach_Prelude_bwv_848_Lee01M.wav,6,1.01,1.55,0.00,73.98,0.03,"(10, 300)",262.54,104.73,317.80,0,6,309,0,1.18
ASAP,Beethoven_Piano_Sonatas_21-1_no_repeat_Song03M.wav,6,1.02,1.53,0.00,522.56,0.00,"(10, 300)",144.57,24.47,256.01,0,0,1204,0,0.00
ASAP,Beethoven_Piano_Sonatas_18-4_KOLESO06M.wav,6,0.70,1.52,0.00,279.32,0.01,"(10, 300)",182.11,64.97,238.02,0,0,822,0,0.00
ASAP,Balakirev_Islamey_Yi04M.wav,6,1.01,1.51,0.00,536.00,0.00,"(10, 300)",134.57,32.51,228.12,0,0,1040,0,0.00
ASAP,Beethoven_Piano_Sonatas_24-1_no_2_repeat_DeTurck06M.wav,6,1.05,1.51,0.00,280.00,0.01,"(10, 300)",123.89,11.37,152.18,0,0,544,0,0.00
ASAP,Chopin_Etudes_op_10_12_Bult-ItoS04M.wav,6,1.00,1.51,0.00,156.23,0.02,"(10, 300)",137.62,66.82,236.06,0,0,333,0,0.00
ASAP,Beethoven_Piano_Sonatas_7-1_Wang02M.wav,6,0.75,1.49,0.00,279.43,0.01,"(10, 300)",152.03,38.65,213.33,0,0,685,0,0.00
ASAP,Beethoven_Piano_Sonatas_26-1_Sham03M.wav,6,1.04,1.49,0.00,400.45,0.01,"(10, 300)",230.63,13.62,313.46,0,6,1196,0,1.17
ASAP,Bach_Prelude_bwv_884_LiA01M.wav,6,0.99,1.48,0.00,70.60,0.04,"(10, 300)",126.77,68.76,140.83,0,0,143,0,0.00
ASAP,Chopin_Etudes_op_25_11_WangA02M.wav,6,0.11,1.48,0.00,211.99,0.01,"(10, 300)",112.39,23.67,155.67,0,0,380,0,0.00
ASAP,Beethoven_Piano_Sonatas_17-3_USHIKI05M.wav,6,0.65,1.47,0.00,321.57,0.01,"(10, 300)",280.63,90.57,397.25,0,310,1477,0,58.83
ASAP,Schubert_Impromptu_op.90_D.899_2_Nikiforov09M.wav,6,0.99,1.46,0.00,275.86,0.01,"(10, 300)",189.63,91.34,293.50,0,0,847,0,0.00
ASAP,Chopin_Etudes_op_25_11_Richardson_2015_03M.wav,6,0.97,1.45,0.00,218.91,0.01,"(10, 300)",112.33,21.64,174.02,0,0,380,0,0.00
ASAP,Beethoven_Piano_Sonatas_21-1_no_repeat_RichardsonC02M.wav,6,0.99,1.44,0.00,505.62,0.00,"(10, 300)",151.12,22.70,1252.09,0,1,1204,0,0.05
ASAP,Beethoven_Piano_Sonatas_3-1_CaoJ02M.wav,6,0.99,1.42,0.00,451.47,0.01,"(10, 300)",144.75,34.76,408.50,0,2,1063,0,0.33
ASAP,Scriabin_Sonatas_5_GarritsonL06M.wav,6,1.00,1.40,0.00,646.06,0.00,"(10, 300)",130.07,12.02,662.98,0,21,1002,0,3.06
ASAP,Balakirev_Islamey_Na08M.wav,6,0.60,1.39,0.00,492.83,0.00,"(10, 300)",153.74,34.11,258.14,0,0,1040,0,0.00
ASAP,Liszt_Sonata_GiacomelliN11M.wav,6,1.02,1.37,0.00,1701.30,0.00,"(10, 300)",121.99,11.00,359.99,0,8,2631,0,1.50
ASAP,Beethoven_Piano_Sonatas_21-1_no_repeat_Tetzloff05M.wav,6,0.86,1.36,0.00,483.02,0.00,"(10, 300)",158.46,28.84,365.70,0,2,1204,0,0.36
ASAP,Beethoven_Piano_Sonatas_26-3_HONG05M.wav,6,0.51,1.35,0.00,244.10,0.01,"(10, 300)",3748.91,13.22,13698.63,0,143,532,0,0.63
ASAP,Beethoven_Piano_Sonatas_22-2_KOLESO04M.wav,6,0.50,1.34,0.00,213.53,0.01,"(10, 300)",118.72,55.07,156.95,0,0,415,0,0.00
ASAP,Haydn_Keyboard_Sonatas_50-1_no_repeat_YoungS02M.wav,6,0.98,1.34,0.00,315.57,0.01,"(10, 300)",117.07,28.36,147.32,0,0,598,0,0.00
ASAP,Scriabin_Sonatas_5_Yeletskiy07M.wav,6,1.01,1.33,13.22,650.11,0.02,"(10, 300)",135.58,8.41,677.66,2,41,1002,13.22266,6.76
ASAP,Beethoven_Piano_Sonatas_7-1_ZhangE02M.wav,6,1.23,1.33,0.00,290.41,0.01,"(10, 300)",148.00,24.23,196.93,0,0,685,0,0.00
ASAP,Liszt_Sonata_Dulu07M.wav,6,0.91,1.33,0.00,1745.41,0.00,"(10, 300)",131.51,11.14,5424.95,0,15,2631,0,1.59
ASAP,Beethoven_Piano_Sonatas_18-1_ZhangH05M.wav,6,1.02,1.32,0.00,353.52,0.01,"(10, 300)",136.74,46.30,219.43,0,0,756,0,0.00
ASAP,Chopin_Etudes_op_10_12_LuoJ08M.wav,6,0.97,1.32,0.00,137.22,0.02,"(10, 300)",152.89,61.64,201.40,0,0,333,0,0.00
ASAP,Beethoven_Piano_Sonatas_7-1_Hebert01M.wav,6,1.23,1.30,0.00,284.61,0.01,"(10, 300)",148.80,40.49,221.54,0,0,685,0,0.00
ASAP,Chopin_Etudes_op_25_11_Richardson_2013_08M.wav,6,1.00,1.28,0.00,195.10,0.01,"(10, 300)",126.92,21.92,164.86,0,0,380,0,0.00
ASAP,Beethoven_Piano_Sonatas_8-3_Na06M.wav,6,0.93,1.28,0.00,259.90,0.01,"(10, 300)",98.45,57.74,115.78,0,0,418,0,0.00
ASAP,Schubert_Impromptu_op.90_D.899_2_Denisova11M.wav,6,1.11,1.27,0.00,224.30,0.01,"(10, 300)",234.72,92.44,480.00,0,22,847,0,3.97
ASAP,Bach_Prelude_bwv_860_Tetzloff04M.wav,6,1.08,1.25,0.00,49.02,0.05,"(10, 300)",185.89,112.60,213.33,0,0,144,0,0.00
ASAP,Bach_Prelude_bwv_848_Mizumoto03M.wav,6,1.06,1.24,0.00,71.69,0.03,"(10, 300)",270.41,82.98,387.22,0,15,309,0,2.82
ASAP,Schumann_Kreisleriana_1_ParkJH04M.wav,6,0.96,1.23,0.00,174.51,0.01,"(10, 300)",89.20,23.62,129.72,0,0,239,0,0.00
ASAP,Bach_Prelude_bwv_848_SunY01M.wav,6,0.96,1.23,0.00,65.24,0.03,"(10, 300)",297.07,103.07,535.81,0,125,309,0,24.01
ASAP,Chopin_Etudes_op_10_12_WuuE06M.wav,6,1.01,1.22,0.00,151.63,0.01,"(10, 300)",138.50,50.44,192.64,0,0,333,0,0.00
ASAP,Chopin_Etudes_op_25_11_Lisiecki07M.wav,6,0.93,1.20,0.00,239.70,0.01,"(10, 300)",105.78,13.98,143.55,0,0,380,0,0.00
ASAP,Scriabin_Sonatas_5_FaB05M.wav,6,1.00,1.19,6.05,702.49,0.01,"(10, 300)",125.07,9.92,529.61,1,28,1002,6.05014,4.54
ASAP,Chopin_Etudes_op_25_11_KimSuyeon03M.wav,6,0.99,1.19,0.00,194.44,0.01,"(10, 300)",125.08,23.25,182.14,0,0,380,0,0.00
ASAP,Beethoven_Piano_Sonatas_22-1_KOLESO04M.wav,6,1.00,1.18,0.00,319.58,0.01,"(10, 300)",91.25,13.68,148.46,0,0,461,0,0.00
ASAP,Chopin_Etudes_op_10_12_ZhangYunling02M.wav,6,1.04,1.17,0.00,139.12,0.02,"(10, 300)",150.50,68.88,203.89,0,0,333,0,0.00
ASAP,Beethoven_Piano_Sonatas_28-1_WangY04M.wav,6,1.00,1.16,0.00,235.44,0.01,"(10, 300)",53.99,20.83,76.54,0,0,203,0,0.00
ASAP,Bach_Prelude_bwv_848_Zhou01M.wav,6,1.02,1.15,0.00,68.12,0.03,"(10, 300)",283.33,109.89,341.34,0,43,309,0,8.31
ASAP,Bach_Prelude_bwv_858_VuV01M.wav,6,1.04,1.14,0.00,80.90,0.03,"(10, 300)",91.07,55.25,99.99,0,0,119,0,0.00
ASAP,Beethoven_Piano_Sonatas_16-1_LeeSH02M.wav,6,1.09,1.14,0.00,307.10,0.01,"(10, 300)",130.10,58.19,169.91,0,0,647,0,0.00
ASAP,Bach_Prelude_bwv_892_KabuliL01M.wav,6,0.96,1.13,0.00,113.53,0.02,"(10, 300)",97.09,66.86,110.98,0,0,180,0,0.00
ASAP,Chopin_Etudes_op_10_4_Yi03M.wav,6,0.98,1.12,0.00,124.15,0.02,"(10, 300)",162.94,50.06,268.68,0,0,325,0,0.00
ASAP,Bach_Prelude_bwv_848_Lin04M.wav,6,1.02,1.12,0.00,72.81,0.03,"(10, 300)",264.71,106.26,316.71,0,8,309,0,1.56
ASAP,Beethoven_Piano_Sonatas_16-1_Khmara05M.wav,6,1.09,1.10,0.00,284.81,0.01,"(10, 300)",138.22,91.07,166.66,0,0,647,0,0.00
ASAP,Beethoven_Piano_Sonatas_16-1_Woo05M.wav,6,1.17,1.09,0.00,278.58,0.01,"(10, 300)",143.18,51.49,176.55,0,0,647,0,0.00
ASAP,Beethoven_Piano_Sonatas_16-1_BuiJL02M.wav,6,1.13,1.08,0.00,282.44,0.01,"(10, 300)",140.91,56.60,175.88,0,0,647,0,0.00
ASAP,Liszt_Concert_Etude_S145_2_Lu03M.wav,6,1.36,1.06,0.00,155.98,0.02,"(10, 300)",150.84,48.35,295.38,0,0,376,0,0.00
ASAP,Beethoven_Piano_Sonatas_3-1_MiyashitaM03M.wav,6,1.00,0.93,0.00,449.11,0.00,"(10, 300)",149.14,24.59,1309.19,0,4,1063,0,0.41
ASAP,Bach_Prelude_bwv_876_Song01M.wav,6,1.03,0.84,0.00,134.35,0.01,"(10, 300)",97.76,21.13,107.54,0,0,211,0,0.00
ASAP,Beethoven_Piano_Sonatas_31-1_AbdelmoulaJS03M.wav,6,1.00,0.77,0.00,358.02,0.00,"(10, 300)",61.02,17.93,144.23,0,0,345,0,0.00
ASAP,Bach_Prelude_bwv_892_Hou01M.wav,6,0.96,0.71,0.00,100.48,0.02,"(10, 300)",109.60,73.68,130.17,0,0,180,0,0.00
ASAP,Beethoven_Piano_Sonatas_31-1_Zuber04M.wav,6,1.02,0.56,0.00,405.91,0.00,"(10, 300)",53.63,15.51,70.89,0,0,345,0,0.00
ASAP,Mozart_Piano_Sonatas_12-1_MunA03M.wav,6,1.06,0.55,0.00,273.16,0.01,"(10, 300)",152.50,85.71,201.75,0,0,685,0,0.00
ASAP,Beethoven_Piano_Sonatas_31-1_Na06M.wav,6,1.01,0.54,0.00,357.32,0.00,"(10, 300)",60.36,16.46,146.75,0,0,345,0,0.00
ASAP,Beethoven_Piano_Sonatas_24-1_Lisiecki05M.wav,6,1.03,0.53,6.33,430.34,0.02,"(10, 300)",121.81,9.48,272.65,1,0,812,6.32812,0.00
ASAP,Beethoven_Piano_Sonatas_31-1_BrendleA03M.wav,6,1.00,0.51,0.00,345.83,0.00,"(10, 300)",62.70,22.84,89.82,0,0,345,0,0.00
ASAP,Beethoven_Piano_Sonatas_26-1_Zhdanov05M.wav,6,0.97,0.48,0.00,394.53,0.00,"(10, 300)",223.93,19.19,424.72,0,2,1196,0,0.33
ASAP,Beethoven_Piano_Sonatas_21-1_no_repeat_KimSY02M.wav,6,0.96,0.45,0.00,498.37,0.00,"(10, 300)",150.99,25.25,222.61,0,0,1204,0,0.00
ASAP,Mozart_Piano_Sonatas_12-1_WuuE02M.wav,6,1.06,0.41,0.00,293.24,0.01,"(10, 300)",142.41,64.14,347.00,0,1,685,0,0.17
ASAP,Haydn_Keyboard_Sonatas_50-1_no_repeat_Shi07M.wav,6,1.00,0.40,0.00,324.84,0.00,"(10, 300)",113.12,29.07,133.18,0,0,598,0,0.00
ASAP,Beethoven_Piano_Sonatas_31-1_LeungM03M.wav,6,0.98,0.38,0.00,334.43,0.00,"(10, 300)",63.62,22.17,85.33,0,0,345,0,0.00
ASAP,Beethoven_Piano_Sonatas_31-1_HuangSW08M.wav,6,1.02,0.38,0.00,392.27,0.00,"(10, 300)",54.82,18.99,119.38,0,0,345,0,0.00
ASAP,Schumann_Kreisleriana_1_no_first_repeat_JohannsonP02M.wav,6,1.24,0.25,0.00,121.62,0.01,"(10, 300)",101.14,31.92,147.75,0,0,191,0,0.00
ASAP,Beethoven_Piano_Sonatas_8-1_Na06M.wav,6,0.96,0.24,0.00,362.46,0.00,"(10, 300)",154.96,18.88,202.55,0,0,652,0,0.00
ASAP,Beethoven_Piano_Sonatas_7-1_Larionova04M.wav,6,1.15,0.18,0.00,302.20,0.00,"(10, 300)",140.43,26.42,172.58,0,0,685,0,0.00
ASAP,Beethoven_Piano_Sonatas_18-1_ChenGuang03M.wav,6,1.02,0.17,0.00,365.41,0.00,"(10, 300)",148.56,44.01,13186.81,0,4,756,0,0.47
ASAP,Beethoven_Piano_Sonatas_7-1_LeeS02M.wav,6,1.22,0.10,0.00,300.17,0.00,"(10, 300)",141.79,27.76,242.32,0,0,685,0,0.00
ASAP,Haydn_Keyboard_Sonatas_50-1_no_repeat_HamSY02M.wav,6,1.03,0.09,0.00,308.05,0.00,"(10, 300)",120.32,24.27,145.60,0,0,598,0,0.00
ASAP,Beethoven_Piano_Sonatas_18-1_KOLESO06M.wav,6,1.07,0.08,0.00,360.43,0.00,"(10, 300)",131.35,61.18,180.57,0,0,756,0,0.00
ASAP,Haydn_Keyboard_Sonatas_50-1_no_repeat_GalantM02M.wav,6,1.01,0.07,0.00,326.36,0.00,"(10, 300)",111.80,31.31,132.79,0,0,598,0,0.00
ASAP,Schumann_Kreisleriana_1_Yarden09M.wav,6,1.01,0.07,0.00,161.67,0.01,"(10, 300)",92.64,30.88,117.25,0,0,239,0,0.00
ASAP,Haydn_Keyboard_Sonatas_39-1_Yarden07M.wav,6,0.96,0.07,0.00,204.51,0.01,"(10, 300)",98.06,11.62,196.08,0,0,309,0,0.00
