Dataset,Model,Songpath,PPT_TempoRange,Track_MeanTempo,F1-ori,P-ori,R-ori,F1-max,P-max,R-max,best_annshifts,F1 improve
ASAP,RDB_SPPK,Bach_Fugue_bwv_860_YoungS01M.wav,30-300,70.479,0.480,0.346,0.785,0.480,0.346,0.785,"-10, -20, -30, -40, -50, -60, 0, 10, 20, 30, 40",0.000
ASAP,RDB_SPPK,Rachmaninoff_Preludes_op_23_4_ChenGuang12M.wav,30-300,49.839,0.562,0.471,0.699,0.566,0.474,0.703,"-40, -50",0.004
ASAP,RDB_SPPK,Beethoven_Piano_Sonatas_32-1_HouY04M.wav,30-300,92.099,0.655,0.648,0.661,0.661,0.654,0.667,-60,0.006
ASAP,RDB_SPPK,Bach_Fugue_bwv_848_Zhou01M.wav,30-300,94.190,0.543,0.382,0.935,0.543,0.382,0.935,"-10, -20, -30, -40, -50, -60, 0, 10",0.000
ASAP,RDB_SPPK,Liszt_Hungarian_Rhapsodies_6_LiA09M.wav,30-300,87.424,0.585,0.515,0.677,0.588,0.518,0.680,"-10, -20",0.003
ASAP,RDB_SPPK,Liszt_Transcendental_Etudes_5_Wang06M.wav,30-300,73.920,0.473,0.365,0.670,0.475,0.367,0.674,"-20, 10, 20",0.003
ASAP,RDB_SPPK,Bach_Prelude_bwv_854_LuA01M.wav,30-300,66.209,0.471,0.338,0.774,0.471,0.338,0.774,"-10, -20, -30, -40, 0, 10",0.000
ASAP,RDB_SPPK,Beethoven_Piano_Sonatas_18-1_ChenGuang03M.wav,30-300,124.541,0.713,0.760,0.671,0.714,0.762,0.672,"-10, -20, -30, -40, -50",0.001
ASAP,RDB_SPPK,Chopin_Ballades_4_MiyashitaM04M.wav,30-300,45.379,0.419,0.310,0.644,0.434,0.321,0.667,"-30, -40",0.015
ASAP,RDB_SPPK,Beethoven_Piano_Sonatas_24-1_no_2_repeat_DeTurck06M.wav,30-300,117.645,0.799,0.823,0.776,0.814,0.839,0.791,-60,0.015
ASAP,RDB_SPPK,Bach_Fugue_bwv_870_LeeE01M.wav,30-300,116.579,0.982,0.976,0.988,0.988,0.982,0.994,40,0.006
ASAP,RDB_SPPK,Bach_Fugue_bwv_848_Lou01M.wav,30-300,103.970,0.661,0.501,0.972,0.661,0.501,0.972,"-10, -20, -30, -40, -50, -60, 0, 10, 20, 30, 40",0.000
ASAP,RDB_SPPK,Bach_Prelude_bwv_848_Lou01M.wav,30-300,267.207,0.824,0.995,0.703,0.828,1.000,0.706,-60,0.004
ASAP,RDB_SPPK,Beethoven_Piano_Sonatas_16-1_LeeSH02M.wav,30-300,127.329,0.468,0.548,0.409,0.528,0.618,0.461,-70,0.060
ASAP,RDB_SPPK,Bach_Prelude_bwv_857_Lan01M.wav,30-300,46.216,0.434,0.277,1.000,0.434,0.277,1.000,"-10, -20, -30, -40, 0, 10, 20, 30",0.000
ASAP,RDB_SPPK,Beethoven_Piano_Sonatas_23-1_Teo02M.wav,30-300,111.726,0.626,0.683,0.577,0.627,0.684,0.578,10,0.001
ASAP,RDB_SPPK,Mozart_Piano_Sonatas_12-3_WuuE04M.wav,30-300,96.346,0.522,0.448,0.627,0.526,0.450,0.631,"-20, -30, -40, -50, -60",0.003
ASAP,RDB_SPPK,Mozart_Fantasie_475_Huangci05M.wav,30-300,59.284,0.505,0.426,0.619,0.505,0.426,0.619,0,0.000
ASAP,RDB_SPPK,Beethoven_Piano_Sonatas_12-1_Kleisen05M.wav,30-300,97.653,0.871,0.853,0.890,0.871,0.853,0.890,"-10, -20, 0",0.000
ASAP,RDB_SPPK,Haydn_Keyboard_Sonatas_31-1_Song05M.wav,30-300,82.578,0.605,0.541,0.687,0.622,0.556,0.707,-60,0.017
ASAP,RDB_SPPK,Bach_Prelude_bwv_865_Teo01M.wav,30-300,88.318,0.503,0.351,0.890,0.517,0.361,0.915,-50,0.014
ASAP,RDB_SPPK,Chopin_Etudes_op_10_1_ChenW03M.wav,30-300,166.978,0.550,0.976,0.383,0.564,1.000,0.393,"20, 30, 40, 50",0.014
ASAP,RDB_SPPK,Chopin_Scherzos_31_LuoJ12M.wav,30-300,263.520,0.471,0.949,0.314,0.473,0.953,0.315,30,0.002
ASAP,RDB_SPPK,Schubert_Piano_Sonatas_894-2_no_repeat_Lee10M.wav,30-300,79.205,0.659,0.581,0.763,0.659,0.581,0.763,"-10, -20, -40, 0, 10",0.000
ASAP,RDB_SPPK,Bach_Fugue_bwv_863_Shychko01M.wav,30-300,50.666,0.671,0.505,1.000,0.671,0.505,1.000,"-10, -20, -30, -40, -50, -60, 0, 10, 20, 30",0.000
ASAP,RDB_SPPK,Beethoven_Piano_Sonatas_16-2_LuoJ04M.wav,30-300,35.792,0.425,0.287,0.819,0.426,0.288,0.822,"-10, -20, -30",0.001
ASAP,RDB_SPPK,Chopin_Etudes_op_25_10_Ozel05M.wav,30-300,97.704,0.626,0.590,0.666,0.628,0.592,0.668,-10,0.002
ASAP,RDB_SPPK,Chopin_Etudes_op_25_11_Lisiecki07M.wav,30-300,95.973,0.756,0.847,0.682,0.759,0.850,0.685,"10, 20",0.003
ASAP,RDB_SPPK,Liszt_Ballade_2_Min06M.wav,30-300,91.732,0.574,0.599,0.552,0.575,0.600,0.553,"-20, 10",0.001
ASAP,RDB_SPPK,Schubert_Impromptu_op.90_D.899_3_Woo10M.wav,30-300,69.239,0.570,0.840,0.431,0.574,0.846,0.434,10,0.004
ASAP,RDB_SPPK,Chopin_Etudes_op_25_11_Richardson_2013_08M.wav,30-300,118.250,0.885,0.978,0.808,0.888,0.981,0.811,-10,0.003
ASAP,RDB_SPPK,Beethoven_Piano_Sonatas_29-4_ChowK05M.wav,30-300,109.132,0.759,0.792,0.728,0.761,0.794,0.731,-20,0.003
ASAP,RDB_SPPK,Liszt_Gran_Etudes_de_Paganini_2_La_campanella_Levitsky06M.wav,30-300,62.902,0.433,0.315,0.694,0.436,0.317,0.697,"-30, -40, -50",0.002
ASAP,RDB_SPPK,Beethoven_Piano_Sonatas_28-1_KyykhynenT06M.wav,30-300,53.304,0.550,0.459,0.686,0.558,0.466,0.696,-40,0.008
ASAP,RDB_SPPK,Beethoven_Piano_Sonatas_18-1_Levitsky05M.wav,30-300,129.402,0.731,0.788,0.682,0.737,0.794,0.687,-50,0.006
ASAP,RDB_SPPK,Schubert_Impromptu_op.90_D.899_3_ZhaoK10M.wav,30-300,68.997,0.641,0.669,0.616,0.641,0.669,0.616,"0, 10",0.000
ASAP,RDB_SPPK,Bach_Prelude_bwv_867_Sham01M.wav,30-300,32.998,0.512,0.346,0.989,0.512,0.346,0.989,"-10, -20, -30, -40, -50, -60, 0, 10, 20, 30, 40",0.000
ASAP,RDB_SPPK,Chopin_Ballades_1_BuiJL04M.wav,30-300,70.819,0.494,0.444,0.556,0.499,0.449,0.562,-20,0.005
ASAP,RDB_SPPK,Schumann_Kreisleriana_1_ParkJH04M.wav,30-300,83.219,0.332,0.344,0.321,0.448,0.464,0.433,"-270, -280",0.116
ASAP,RDB_SPPK,Bach_Prelude_bwv_857_YuP01M.wav,30-300,45.773,0.523,0.356,0.988,0.523,0.356,0.988,"-10, -20, -30, 0, 10, 20",0.000
ASAP,RDB_SPPK,Haydn_Keyboard_Sonatas_50-1_no_repeat_YoungS02M.wav,30-300,114.543,0.708,0.629,0.810,0.715,0.636,0.818,-60,0.007
ASAP,RDB_SPPK,Haydn_Keyboard_Sonatas_50-1_no_repeat_Huang05M.wav,30-300,110.575,0.704,0.663,0.750,0.704,0.663,0.750,"0, 10",0.000
ASAP,RDB_SPPK,Liszt_Mephisto_Waltz_Tysman07M.wav,30-300,243.866,0.536,0.867,0.388,0.537,0.868,0.389,10,0.001
ASAP,RDB_SPPK,Bach_Fugue_bwv_883_KaiRuiR03.wav,30-300,104.585,0.039,0.038,0.040,0.968,0.948,0.989,"-1360, -1370, -1380, -1390, -1400",0.929
ASAP,RDB_SPPK,Bach_Prelude_bwv_848_MiyashitaM01M.wav,30-300,256.335,0.798,0.986,0.671,0.810,1.000,0.681,-60,0.012
ASAP,RDB_SPPK,Beethoven_Piano_Sonatas_7-1_ZhangE02M.wav,30-300,142.781,0.687,0.694,0.679,0.687,0.694,0.679,"-10, 0",0.000
ASAP,RDB_SPPK,Bach_Prelude_bwv_848_Lee01M.wav,30-300,259.601,0.835,0.983,0.726,0.839,0.987,0.729,-50,0.004
ASAP,RDB_SPPK,Beethoven_Piano_Sonatas_21-1_no_repeat_WangA02M.wav,30-300,152.948,0.747,0.899,0.640,0.750,0.902,0.642,30,0.003
ASAP,RDB_SPPK,Schubert_Impromptu_op.90_D.899_3_JeonH06M.wav,30-300,56.412,0.513,0.510,0.516,0.519,0.516,0.522,10,0.006
ASAP,RDB_SPPK,Bach_Prelude_bwv_863_Shychko01M.wav,30-300,34.465,0.358,0.218,1.000,0.358,0.218,1.000,"-10, -20, -30, 0, 10, 20, 30",0.000
ASAP,RDB_SPPK,Haydn_Keyboard_Sonatas_48-1_PrjevalskayaM02M.wav,30-300,70.865,0.450,0.634,0.349,0.558,0.785,0.432,-50,0.107
ASAP,RDB_SPPK,Bach_Prelude_bwv_889_Giesbrecht01M.wav,30-300,53.550,0.529,0.361,0.992,0.529,0.361,0.992,"-10, -20, -30, -40, -50, -60, 0, 10, 20, 30",0.000
ASAP,RDB_SPPK,Bach_Fugue_bwv_888_ZhaoK01M.wav,30-300,102.462,0.370,0.325,0.430,0.400,0.351,0.465,"-220, 1670, 850",0.030
ASAP,RDB_SPPK,Schubert_Impromptu_op.90_D.899_3_ZhangW07M.wav,30-300,63.647,0.419,0.577,0.328,0.422,0.582,0.331,"-10, 10, 40",0.004
ASAP,RDB_SPPK,Beethoven_Piano_Sonatas_31-1_AbdelmoulaJS03M.wav,30-300,58.107,0.553,0.426,0.786,0.555,0.428,0.789,"-10, -20, -30, -40, -50",0.002
ASAP,RDB_SPPK,Beethoven_Piano_Sonatas_24-1_no_2_repeat_Cui06M.wav,30-300,118.206,0.848,0.950,0.765,0.854,0.957,0.771,-60,0.006
ASAP,RDB_SPPK,Bach_Fugue_bwv_854_Richardson01M.wav,30-300,110.363,0.876,0.790,0.982,0.876,0.790,0.982,"-10, -20, -30, -40, -50, -60, 0, 10, 20, 30, 40",0.000
ASAP,RDB_SPPK,Beethoven_Piano_Sonatas_11-1_ZhaoK02M.wav,30-300,150.129,0.875,0.926,0.830,0.878,0.928,0.832,"-30, -40",0.003
ASAP,RDB_SPPK,Bach_Fugue_bwv_885_JeonH01M.wav,30-300,99.743,0.778,0.649,0.972,0.778,0.649,0.972,"-10, -20, -30, -40, -50, -60, 0, 10, 20, 30, 40, 50",0.000
ASAP,RDB_SPPK,Bach_Prelude_bwv_875_Ahfat01M.wav,30-300,117.370,0.675,0.523,0.950,0.678,0.526,0.956,"30, 40",0.004
ASAP,RDB_SPPK,Chopin_Etudes_op_10_1_SunY03M.wav,30-300,168.763,0.429,0.907,0.281,0.439,0.928,0.288,20,0.010
ASAP,RDB_SPPK,Bach_Fugue_bwv_874_Kurz01M.wav,30-300,35.710,0.405,0.255,0.990,0.405,0.255,0.990,"-10, -20, -30, -40, -50, -60, 0, 10, 20, 30",0.000
ASAP,RDB_SPPK,Chopin_Etudes_op_10_12_WuuE06M.wav,30-300,133.736,0.640,0.763,0.551,0.678,0.809,0.584,-50,0.038
ASAP,RDB_SPPK,Chopin_Etudes_op_25_5_Levitsky10M.wav,30-300,142.327,0.708,0.912,0.578,0.708,0.912,0.578,"0, 10",0.000
ASAP,RDB_SPPK,Chopin_Scherzos_31_TuanS05M.wav,30-300,241.874,0.488,0.941,0.330,0.489,0.943,0.330,-10,0.001
ASAP,RDB_SPPK,Bach_Prelude_bwv_848_LeeSH01M.wav,30-300,239.218,0.837,0.996,0.723,0.837,0.996,0.723,"-10, -20, -30, -40, -50, -60, 0, 10, 20, 30, 40",0.000
ASAP,RDB_SPPK,Glinka_The_Lark_Denisova10M.wav,30-300,57.425,0.541,0.467,0.643,0.544,0.470,0.646,"10, 20",0.003
ASAP,RDB_SPPK,Schubert_Impromptu_op.90_D.899_1_Teo06M.wav,30-300,87.002,0.652,0.577,0.749,0.652,0.577,0.749,"-10, 0",0.000
ASAP,RDB_SPPK,Beethoven_Piano_Sonatas_26-1_Sham03M.wav,30-300,180.339,0.665,0.924,0.519,0.666,0.926,0.520,"-10, -20, -30, -40, -50, -60",0.001
ASAP,RDB_SPPK,Liszt_Transcendental_Etudes_4_GuoE03M.wav,30-300,85.003,0.532,0.550,0.515,0.532,0.550,0.515,"0, 10, 20",0.000
ASAP,RDB_SPPK,Chopin_Ballades_4_Levitsky18M.wav,30-300,46.211,0.467,0.349,0.704,0.471,0.352,0.710,"-30, -40, -50",0.004
ASAP,RDB_SPPK,Beethoven_Piano_Sonatas_22-2_KOLESO04M.wav,30-300,117.623,0.585,0.501,0.704,0.601,0.515,0.724,40,0.016
ASAP,RDB_SPPK,Beethoven_Piano_Sonatas_17-1_no_repeat_Richardson02M.wav,30-300,162.204,0.642,0.942,0.487,0.642,0.942,0.487,"-10, 0, 10, 20",0.000
ASAP,RDB_SPPK,Beethoven_Piano_Sonatas_17-1_no_repeat_KabuliL02M.wav,30-300,155.158,0.654,0.938,0.502,0.654,0.938,0.502,0,0.000
ASAP,RDB_SPPK,Chopin_Ballades_3_Ko11M.wav,30-300,69.294,0.514,0.419,0.665,0.518,0.422,0.669,"10, 20",0.003
ASAP,RDB_SPPK,Bach_Prelude_bwv_848_Mizumoto03M.wav,30-300,267.169,0.806,0.995,0.677,0.810,1.000,0.681,"-40, -50, -60",0.004
ASAP,RDB_SPPK,Chopin_Etudes_op_25_1_TuanS04M.wav,30-300,83.595,0.771,0.881,0.686,0.771,0.881,0.686,"-10, 0, 10",0.000
ASAP,RDB_SPPK,Scriabin_Sonatas_5_FaB05M.wav,30-300,85.850,0.495,0.498,0.493,0.504,0.507,0.500,40,0.008
ASAP,RDB_SPPK,Chopin_Etudes_op_10_4_ZhaoA03M.wav,30-300,162.942,0.874,0.953,0.807,0.880,0.960,0.813,20,0.007
ASAP,RDB_SPPK,Chopin_Etudes_op_10_8_Zhou03M.wav,30-300,174.296,0.694,0.895,0.566,0.707,0.912,0.577,"-330, -370",0.013
ASAP,RDB_SPPK,Bach_Prelude_bwv_864_SunD01M.wav,30-300,91.348,0.667,0.500,1.000,0.667,0.500,1.000,"-10, -20, -30, -40, -50, -60, 0, 10, 20, 30",0.000
ASAP,RDB_SPPK,Chopin_Barcarolle_Ozel10M.wav,30-300,55.857,0.486,0.364,0.734,0.489,0.366,0.739,-10,0.003
ASAP,RDB_SPPK,Liszt_Gran_Etudes_de_Paganini_2_La_campanella_LiuY03M.wav,30-300,64.964,0.373,0.275,0.581,0.384,0.283,0.599,-30,0.011
ASAP,RDB_SPPK,Bach_Prelude_bwv_848_Denisova06M.wav,30-300,282.611,0.747,0.989,0.600,0.755,1.000,0.606,"-50, 40",0.008
ASAP,RDB_SPPK,Schubert_Impromptu_op.90_D.899_4_no_repeat_LuoJ09M.wav,30-300,139.872,0.798,0.897,0.719,0.805,0.905,0.725,-50,0.007
ASAP,RDB_SPPK,Schubert_Impromptu_op.90_D.899_2_KaiRuiR05M.wav,30-300,177.500,0.740,0.984,0.593,0.745,0.990,0.597,30,0.004
ASAP,RDB_SPPK,Beethoven_Piano_Sonatas_11-1_LiYZ03M.wav,30-300,142.278,0.891,0.940,0.846,0.891,0.940,0.846,"-10, -20, 0, 10, 20",0.000
ASAP,RDB_SPPK,Schubert_Impromptu_op.90_D.899_2_Levitsky09M.wav,30-300,192.892,0.534,0.997,0.364,0.534,0.997,0.364,"-10, -20, -30, -40, -50, 0, 10, 20",0.000
ASAP,RDB_SPPK,Schubert_Piano_Sonatas_664-3_KabuliL12M.wav,30-300,85.066,0.557,0.448,0.734,0.560,0.451,0.738,"-50, 30, 40",0.004
ASAP,RDB_SPPK,Beethoven_Piano_Sonatas_21-3_KimSY04M.wav,30-300,112.696,0.678,0.755,0.615,0.683,0.760,0.619,-40,0.005
ASAP,RDB_SPPK,Mozart_Piano_Sonatas_12-3_MunA05M.wav,30-300,102.235,0.535,0.457,0.645,0.538,0.460,0.649,20,0.003
ASAP,RDB_SPPK,Bach_Prelude_bwv_857_ToA01M.wav,30-300,40.808,0.434,0.287,0.894,0.440,0.291,0.906,"-10, -20, -30, -40, -50, -60",0.006
ASAP,RDB_SPPK,Chopin_Etudes_op_10_2_Hebert03M.wav,30-300,170.927,0.974,0.989,0.959,0.974,0.989,0.959,"-10, -20, -30, -40, 0, 10, 20, 30",0.000
ASAP,RDB_SPPK,Beethoven_Piano_Sonatas_17-3_USHIKI05M.wav,30-300,277.411,0.505,0.863,0.357,0.560,0.956,0.396,-60,0.055
ASAP,RDB_SPPK,Liszt_Transcendental_Etudes_5_Min03M.wav,30-300,76.551,0.474,0.372,0.652,0.479,0.377,0.659,"10, 20, 30",0.006
ASAP,RDB_SPPK,Chopin_Etudes_op_25_11_Shychko03M.wav,30-300,114.453,0.801,0.922,0.709,0.810,0.932,0.717,"10, 20",0.009
ASAP,RDB_SPPK,Beethoven_Piano_Sonatas_17-1_no_repeat_GuoE02M.wav,30-300,146.870,0.654,0.948,0.499,0.657,0.952,0.502,10,0.003
ASAP,RDB_SPPK,Bach_Fugue_bwv_874_WongWY01M.wav,30-300,30.576,0.398,0.249,0.990,0.398,0.249,0.990,"-10, -20, -30, -40, -50, -60, 0, 10, 20",0.000
ASAP,RDB_SPPK,Bach_Prelude_bwv_854_WangA01M.wav,30-300,71.720,0.398,0.320,0.527,0.415,0.333,0.548,"-300, -310, -320, 550",0.016
ASAP,RDB_SPPK,Chopin_Etudes_op_10_1_MunA07M.wav,30-300,183.398,0.576,0.893,0.425,0.602,0.933,0.444,"20, 30, 40",0.026
ASAP,RDB_SPPK,Chopin_Sonata_3_4th_GarritsonL11M.wav,30-300,135.541,0.623,0.890,0.480,0.626,0.893,0.482,"-10, -20, -30",0.002
ASAP,RDB_SPPK,Chopin_Etudes_op_25_11_Richardson_2015_03M.wav,30-300,105.317,0.834,0.926,0.759,0.848,0.942,0.772,30,0.014
ASAP,RDB_SPPK,Bach_Fugue_bwv_857_YuP01M.wav,30-300,64.284,0.661,0.499,0.978,0.664,0.501,0.982,"-10, -20, -30",0.003
ASAP,RDB_SPPK,Bach_Prelude_bwv_880_LeungR01M.wav,30-300,63.467,0.660,0.493,0.995,0.663,0.495,1.000,"10, 20",0.003
ASAP,RDB_SPPK,Chopin_Barcarolle_Na09M.wav,30-300,57.252,0.469,0.362,0.665,0.472,0.365,0.670,10,0.003
ASAP,RDB_SPPK,Bach_Fugue_bwv_868_GonzalezJ05M.wav,30-300,65.755,0.665,0.500,0.992,0.670,0.504,1.000,30,0.005
ASAP,RDB_SPPK,Liszt_Sonata_Gasanov06M.wav,30-300,94.575,0.643,0.654,0.632,0.647,0.658,0.636,-10,0.004
ASAP,RDB_SPPK,Bach_Fugue_bwv_883_LuM01M.wav,30-300,92.720,0.780,0.648,0.978,0.783,0.651,0.982,10,0.003
ASAP,RDB_SPPK,Bach_Prelude_bwv_874_WongWY01M.wav,30-300,80.595,0.534,0.375,0.924,0.534,0.375,0.924,"-10, -20, -30, 0",0.000
ASAP,RDB_SPPK,Beethoven_Piano_Sonatas_18-1_ZhangH05M.wav,30-300,129.163,0.751,0.794,0.712,0.760,0.804,0.721,-50,0.010
ASAP,RDB_SPPK,Beethoven_Piano_Sonatas_31-3_4_Zuber04M.wav,30-300,49.223,0.483,0.358,0.741,0.504,0.374,0.773,-50,0.021
ASAP,RDB_SPPK,Bach_Prelude_bwv_875_CaoJ01M.wav,30-300,126.392,0.805,0.688,0.972,0.805,0.688,0.972,"-10, -20, -30, -40, -50, -60, 0, 10, 20, 30, 40",0.000
ASAP,RDB_SPPK,Bach_Prelude_bwv_863_TongB01M.wav,30-300,37.592,0.410,0.269,0.860,0.410,0.269,0.860,"-10, -20, 0, 10, 20",0.000
ASAP,RDB_SPPK,Chopin_Etudes_op_25_11_Song02M.wav,30-300,103.894,0.885,0.938,0.837,0.893,0.947,0.845,20,0.008
ASAP,RDB_SPPK,Bach_Fugue_bwv_875_Ahfat01M.wav,30-300,50.683,0.405,0.256,0.972,0.405,0.256,0.972,"-10, -20, -30, -40, -50, -60, 0, 10, 20, 30, 40",0.000
ASAP,RDB_SPPK,Schubert_Impromptu_op.90_D.899_1_Duepree08M.wav,30-300,93.244,0.724,0.740,0.708,0.724,0.740,0.708,"-10, -20, -30, -40, 0, 10",0.000
ASAP,RDB_SPPK,Schubert_Impromptu_op142_1_Ozaki07M.wav,30-300,111.415,0.713,0.673,0.758,0.715,0.675,0.760,"-10, -20, -30, -40",0.002
ASAP,RDB_SPPK,Bach_Fugue_bwv_875_CaoJ01M.wav,30-300,55.044,0.529,0.382,0.860,0.580,0.419,0.944,"530, 540",0.052
ASAP,RDB_SPPK,Chopin_Etudes_op_10_4_Duepree06M.wav,30-300,161.337,0.885,0.971,0.813,0.891,0.978,0.819,"10, 20, 30",0.007
ASAP,RDB_SPPK,Liszt_Gran_Etudes_de_Paganini_2_La_campanella_VuV06M.wav,30-300,61.814,0.369,0.267,0.595,0.375,0.272,0.606,40,0.007
ASAP,RDB_SPPK,Beethoven_Piano_Sonatas_26-3_HONG05M.wav,30-300,131.775,0.452,0.431,0.477,0.454,0.432,0.478,20,0.002
ASAP,RDB_SPPK,Beethoven_Piano_Sonatas_23-1_Duepree05M.wav,30-300,107.192,0.557,0.775,0.435,0.561,0.780,0.438,"-40, -50, 30",0.004
ASAP,RDB_SPPK,Haydn_Keyboard_Sonatas_48-1_GarritsonL02M.wav,30-300,60.093,0.497,0.518,0.478,0.519,0.541,0.499,"-30, -40, -50",0.022
ASAP,RDB_SPPK,Beethoven_Piano_Sonatas_21-1_no_repeat_KimSY02M.wav,30-300,145.363,0.686,0.795,0.602,0.686,0.796,0.603,"-20, -40, -50",0.001
ASAP,RDB_SPPK,Bach_Prelude_bwv_856_LuoJ01M.wav,30-300,77.750,0.478,0.348,0.764,0.478,0.348,0.764,"-10, -20, -30, -40, -50, -60, 0, 10, 20, 30, 40",0.000
ASAP,RDB_SPPK,Bach_Prelude_bwv_860_Nikiforov05M.wav,30-300,186.299,0.818,0.990,0.697,0.818,0.990,0.697,"-10, -20, -30, -40, -50, -60, 0, 10, 20, 30, 40",0.000
ASAP,RDB_SPPK,Chopin_Barcarolle_Park10M.wav,30-300,51.818,0.447,0.320,0.741,0.449,0.321,0.743,"10, 20, 30",0.001
ASAP,RDB_SPPK,Bach_Prelude_bwv_848_SunY01M.wav,30-300,294.073,0.704,0.972,0.552,0.724,1.000,0.568,"30, 40",0.021
ASAP,RDB_SPPK,Chopin_Etudes_op_25_10_Guo02M.wav,30-300,99.528,0.585,0.597,0.573,0.587,0.599,0.575,-60,0.003
ASAP,RDB_SPPK,Beethoven_Piano_Sonatas_24-1_Lisiecki05M.wav,30-300,113.625,0.792,0.920,0.695,0.795,0.923,0.697,10,0.003
ASAP,RDB_SPPK,Bach_Fugue_bwv_865_ZhangE01M.wav,30-300,85.616,0.663,0.501,0.980,0.663,0.501,0.980,"-10, -20, 0, 10",0.000
ASAP,RDB_SPPK,Bach_Fugue_bwv_880_LeungR01M.wav,30-300,124.917,0.585,0.469,0.776,0.585,0.469,0.776,"-10, -20, -30, -40, -50, 0, 10",0.000
ASAP,RDB_SPPK,Schubert_Impromptu_op142_3_RichardsonC06M.wav,30-300,38.097,0.386,0.259,0.761,0.387,0.259,0.763,"-30, -40",0.001
ASAP,RDB_SPPK,Bach_Fugue_bwv_848_Lin04M.wav,30-300,109.415,0.788,0.656,0.986,0.788,0.656,0.986,"-10, -20, -30, 0",0.000
ASAP,RDB_SPPK,Liszt_Gran_Etudes_de_Paganini_6_Theme_and_Variations_repeat_KanM09M.wav,30-300,79.235,0.651,0.574,0.752,0.651,0.574,0.752,"-10, 0, 10",0.000
ASAP,RDB_SPPK,Chopin_Berceuse_op_57_Tario07M.wav,30-300,33.215,0.445,0.324,0.712,0.449,0.327,0.719,-10,0.004
ASAP,RDB_SPPK,Beethoven_Piano_Sonatas_27-1_Ko05M.wav,30-300,143.650,0.771,0.917,0.665,0.773,0.919,0.666,"-10, -20, -30, -40, -50",0.002
ASAP,RDB_SPPK,Chopin_Ballades_1_Mo07M.wav,30-300,66.929,0.499,0.423,0.609,0.507,0.429,0.619,20,0.008
ASAP,RDB_SPPK,Bach_Fugue_bwv_848_MiyashitaM01M.wav,30-300,96.289,0.682,0.519,0.995,0.682,0.519,0.995,"-10, -20, -30, -40, -50, -60, 0, 10, 20, 30",0.000
ASAP,RDB_SPPK,Schubert_Moment_musical_no_3_Tetzloff09M.wav,30-300,90.030,0.833,0.751,0.935,0.833,0.751,0.935,"-10, -20, -30, -40, -50, -60, 0",0.000
ASAP,RDB_SPPK,Bach_Prelude_bwv_885_JeonH01M.wav,30-300,28.948,0.464,0.327,0.798,0.464,0.327,0.798,"-10, -20, -30, -40, 0, 10, 20",0.000
ASAP,RDB_SPPK,Chopin_Polonaises_53_YeF11M.wav,30-300,71.228,0.639,0.510,0.854,0.639,0.510,0.854,0,0.000
ASAP,RDB_SPPK,Bach_Fugue_bwv_854_MiyashitaM01M.wav,30-300,101.583,0.696,0.540,0.982,0.696,0.540,0.982,"-10, -20, -30, -40, -50, -60, 0, 10, 20, 30, 40, 50",0.000
ASAP,RDB_SPPK,Beethoven_Piano_Sonatas_22-1_KOLESO04M.wav,30-300,87.144,0.598,0.494,0.758,0.598,0.494,0.758,"-10, -20, 0",0.000
ASAP,RDB_SPPK,Bach_Prelude_bwv_873_Lisiecki13M.wav,30-300,43.736,0.500,0.338,0.962,0.503,0.340,0.967,"-20, -30, -40, -50, -60",0.003
ASAP,RDB_SPPK,Liszt_Annees_de_pelerinage_2_1_Gondoliera_LeungM08M.wav,30-300,52.952,0.413,0.344,0.517,0.420,0.350,0.525,"10, 20",0.007
ASAP,RDB_SPPK,Beethoven_Piano_Sonatas_31-1_Zuber04M.wav,30-300,51.196,0.450,0.331,0.705,0.469,0.344,0.734,"-40, -50",0.018
ASAP,RDB_SPPK,Schubert_Impromptu_op.90_D.899_4_no_repeat_WongWY08M.wav,30-300,135.044,0.714,0.865,0.608,0.714,0.865,0.608,0,0.000
ASAP,RDB_SPPK,Bach_Fugue_bwv_860_TuanS01M.wav,30-300,61.382,0.476,0.321,0.919,0.476,0.321,0.919,"-10, -20, -30, -40, -50, -60, 0, 10, 20, 30, 40",0.000
ASAP,RDB_SPPK,Chopin_Ballades_1_Zhou06M.wav,30-300,73.291,0.516,0.458,0.591,0.522,0.463,0.597,"-30, -60",0.005
ASAP,RDB_SPPK,Rachmaninoff_Preludes_op_23_6_Nikiforov14M.wav,30-300,63.149,0.514,0.419,0.663,0.518,0.423,0.669,"-10, -20, -30, -40, -50, -60",0.005
ASAP,RDB_SPPK,Chopin_Etudes_op_10_8_Rizikov03M.wav,30-300,154.645,0.805,0.931,0.709,0.826,0.955,0.728,40,0.021
ASAP,RDB_SPPK,Bach_Fugue_bwv_891_Duepree06M.wav,30-300,85.011,0.671,0.505,1.000,0.671,0.505,1.000,"-10, -20, -30, -40, -50, -60, 0",0.000
ASAP,RDB_SPPK,Bach_Fugue_bwv_854_LuA01M.wav,30-300,103.029,0.773,0.637,0.982,0.773,0.637,0.982,"-10, -20, -30, -40, -50, -60, 0, 10, 20, 30",0.000
ASAP,RDB_SPPK,Schubert_Impromptu_op.90_D.899_2_FaB06M.wav,30-300,185.466,0.622,0.943,0.465,0.624,0.945,0.466,"-10, -20, 10, 20",0.002
ASAP,RDB_SPPK,Beethoven_Piano_Sonatas_21-1_no_repeat_ZhangW01M.wav,30-300,148.256,0.789,0.935,0.682,0.790,0.936,0.683,"-20, -30",0.001
ASAP,RDB_SPPK,Schumann_Arabeske_ParkS15M.wav,30-300,69.675,0.627,0.629,0.625,0.649,0.651,0.647,"-40, -50",0.022
ASAP,RDB_SPPK,Bach_Fugue_bwv_876_SirajA01M.wav,30-300,75.946,0.766,0.635,0.964,0.771,0.640,0.971,"-30, -40, -50, -60",0.006
ASAP,RDB_SPPK,Schubert_Piano_Sonatas_664-1_BuiJL06M.wav,30-300,93.684,0.780,0.780,0.780,0.784,0.784,0.784,"-20, -30, -40",0.004
ASAP,RDB_SPPK,Bach_Prelude_bwv_854_Ozaki01M.wav,30-300,67.165,0.503,0.340,0.968,0.503,0.340,0.968,"-10, -20, -30, -40, -50, -60, 0, 10, 20, 30",0.000
ASAP,RDB_SPPK,Bach_Prelude_bwv_857_Bult-ItoS02M.wav,30-300,52.063,0.492,0.339,0.894,0.492,0.339,0.894,"-10, -20, 0, 10, 20",0.000
ASAP,RDB_SPPK,Bach_Prelude_bwv_884_LiA01M.wav,30-300,125.949,0.760,0.626,0.965,0.760,0.626,0.965,"-10, 0, 10, 20, 30",0.000
ASAP,RDB_SPPK,Bach_Fugue_bwv_893_Levitsky04M.wav,30-300,207.148,1.000,1.000,1.000,1.000,1.000,1.000,"-10, 0, 10, 20, 30",0.000
ASAP,RDB_SPPK,Beethoven_Piano_Sonatas_31-1_Na06M.wav,30-300,58.184,0.585,0.443,0.861,0.589,0.446,0.867,-30,0.004
ASAP,RDB_SPPK,Chopin_Berceuse_op_57_Teo11M.wav,30-300,28.582,0.338,0.211,0.856,0.338,0.211,0.856,0,0.000
ASAP,RDB_SPPK,Chopin_Ballades_1_Sladek04M.wav,30-300,78.597,0.516,0.453,0.597,0.523,0.460,0.606,-50,0.008
ASAP,RDB_SPPK,Beethoven_Piano_Sonatas_31-3_4_Na06M.wav,30-300,52.615,0.556,0.412,0.854,0.557,0.413,0.856,-10,0.001
ASAP,RDB_SPPK,Bach_Prelude_bwv_885_SINKEV06.wav,30-300,30.991,0.028,0.019,0.060,0.392,0.257,0.821,"-1070, -1080, -1090, -1100, -1110, -1120, -1130, -1140, -1150",0.364
ASAP,RDB_SPPK,Bach_Fugue_bwv_860_Ko04M.wav,30-300,62.309,0.504,0.337,0.994,0.504,0.337,0.994,"-10, -20, -30, -40, -50, -60, 0, 10, 20, 30, 40",0.000
ASAP,RDB_SPPK,Bach_Fugue_bwv_863_TongB01M.wav,30-300,57.292,0.672,0.506,1.000,0.672,0.506,1.000,"-10, -20, 0, 10",0.000
ASAP,RDB_SPPK,Bach_Prelude_bwv_875_HONG04M.wav,30-300,126.944,0.715,0.576,0.945,0.715,0.576,0.945,"-10, -20, -30, -40, -50, 0, 10, 20, 30, 40",0.000
ASAP,RDB_SPPK,Chopin_Ballades_4_Mizumoto02M.wav,30-300,44.481,0.450,0.331,0.704,0.457,0.336,0.714,"-30, -40",0.007
ASAP,RDB_SPPK,Bach_Fugue_bwv_885_Guo01M.wav,30-300,97.399,0.671,0.513,0.972,0.674,0.515,0.976,"30, 40",0.003
ASAP,RDB_SPPK,Chopin_Etudes_op_10_4_ZhangE03M.wav,30-300,178.047,0.886,0.957,0.825,0.886,0.957,0.825,"-10, -20, -30, 0",0.000
ASAP,RDB_SPPK,Bach_Prelude_bwv_885_Huang04M.wav,30-300,32.775,0.537,0.388,0.869,0.537,0.388,0.869,"-10, -20, -30, -40, -50, -60, 0, 10, 20, 30",0.000
ASAP,RDB_SPPK,Beethoven_Piano_Sonatas_21-1_KaiRuiR02M.wav,30-300,145.622,0.704,0.865,0.593,0.704,0.866,0.594,"-10, -20, -30, -40",0.001
ASAP,RDB_SPPK,Chopin_Ballades_2_Denisova17M.wav,30-300,72.323,0.622,0.560,0.701,0.622,0.560,0.701,"-10, -20, -50, 0",0.000
ASAP,RDB_SPPK,Scriabin_Sonatas_5_Na07M.wav,30-300,85.313,0.545,0.489,0.615,0.547,0.491,0.617,"10, 20",0.002
ASAP,RDB_SPPK,Scriabin_Etudes_op_8_11_Shi08M.wav,30-300,33.283,0.490,0.351,0.806,0.490,0.351,0.806,"-10, -20, -30, -40, 0",0.000
ASAP,RDB_SPPK,Bach_Prelude_bwv_893_Kleisen04M.wav,30-300,61.546,0.608,0.452,0.931,0.608,0.452,0.931,"-10, -20, -30, -40, -50, -60, 0, 10, 20, 30",0.000
ASAP,RDB_SPPK,Bach_Prelude_bwv_885_Guo01M.wav,30-300,34.832,0.505,0.342,0.964,0.505,0.342,0.964,"-10, -20, -30, -40, -50, -60, 0, 10, 20, 30, 40",0.000
ASAP,RDB_SPPK,Liszt_Transcendental_Etudes_4_LiuC04M.wav,30-300,104.316,0.545,0.642,0.474,0.552,0.650,0.479,-50,0.007
ASAP,RDB_SPPK,Bach_Fugue_bwv_887_LiYZ01M.wav,30-300,48.569,0.504,0.336,1.000,0.504,0.336,1.000,"-10, -20, -30, 0, 10, 20, 30",0.000
ASAP,RDB_SPPK,Bach_Fugue_bwv_870_MaximovI01M.wav,30-300,121.101,0.944,0.968,0.921,0.950,0.974,0.927,"-20, -30, -40, -50",0.006
ASAP,RDB_SPPK,Schubert_Piano_Sonatas_664-1_KabuliL10M.wav,30-300,100.501,0.800,0.798,0.803,0.800,0.798,0.803,"-10, -20, -30, 0",0.000
ASAP,RDB_SPPK,Bach_Fugue_bwv_893_Wong01M.wav,30-300,175.509,0.956,0.976,0.937,0.963,0.983,0.943,"-10, -20",0.007
ASAP,RDB_SPPK,Liszt_Concert_Etude_S145_2_Lu03M.wav,30-300,146.918,0.726,0.747,0.706,0.742,0.764,0.721,50,0.016
ASAP,RDB_SPPK,Beethoven_Piano_Sonatas_21-1_no_repeat_LeeN02M.wav,30-300,149.477,0.788,0.908,0.696,0.794,0.915,0.701,20,0.006
ASAP,RDB_SPPK,Beethoven_Piano_Sonatas_18-4_ChenGuang06M.wav,30-300,177.034,0.816,0.968,0.705,0.820,0.973,0.708,-50,0.004
ASAP,RDB_SPPK,Chopin_Ballades_2_Gasanov08M.wav,30-300,57.471,0.609,0.487,0.811,0.615,0.492,0.819,"-30, -40, -50",0.006
ASAP,RDB_SPPK,Liszt_Ballade_2_GarritsonL04M.wav,30-300,79.803,0.378,0.489,0.308,0.393,0.508,0.320,"-20, -40, -50",0.015
ASAP,RDB_SPPK,Liszt_Concert_Etude_S145_2_Tario06M.wav,30-300,135.479,0.605,0.752,0.507,0.609,0.756,0.509,"-10, -20, 30",0.003
ASAP,RDB_SPPK,Chopin_Scherzos_31_HuNY08M.wav,30-300,242.859,0.518,0.947,0.357,0.521,0.952,0.359,"10, 30",0.003
ASAP,RDB_SPPK,Liszt_Gran_Etudes_de_Paganini_2_La_campanella_MunA08M.wav,30-300,65.396,0.416,0.287,0.757,0.429,0.296,0.782,30,0.014
ASAP,RDB_SPPK,Beethoven_Piano_Sonatas_32-1_Jussow06M.wav,30-300,92.045,0.710,0.741,0.682,0.719,0.750,0.690,-40,0.009
ASAP,RDB_SPPK,Haydn_Keyboard_Sonatas_39-3_Yarden07M.wav,30-300,115.891,0.586,0.481,0.747,0.586,0.481,0.747,0,0.000
ASAP,RDB_SPPK,Beethoven_Piano_Sonatas_23-1_Yi02M.wav,30-300,111.759,0.672,0.779,0.592,0.681,0.789,0.599,-50,0.009
ASAP,RDB_SPPK,Bach_Fugue_bwv_848_Denisova06M.wav,30-300,119.675,0.843,0.764,0.940,0.851,0.772,0.949,40,0.008
ASAP,RDB_SPPK,Bach_Fugue_bwv_864_SunD01M.wav,30-300,67.254,0.493,0.336,0.931,0.493,0.336,0.931,"-10, -20, -30, -40, -50, 0, 10, 20, 30, 40",0.000
ASAP,RDB_SPPK,Haydn_Keyboard_Sonatas_50-1_no_repeat_KARYAG06M.wav,30-300,118.897,0.692,0.624,0.776,0.699,0.631,0.785,-60,0.007
ASAP,RDB_SPPK,Bach_Prelude_bwv_860_ZhangH04M.wav,30-300,186.348,0.890,0.992,0.807,0.890,0.992,0.807,"-10, -20, -30, -40, -50, 0, 10, 20, 30, 40",0.000
ASAP,RDB_SPPK,Chopin_Etudes_op_10_1_YeF03M.wav,30-300,172.103,0.458,0.931,0.304,0.463,0.941,0.307,"30, 40",0.005
ASAP,RDB_SPPK,Beethoven_Piano_Sonatas_21-3_YOO05M.wav,30-300,117.091,0.708,0.761,0.663,0.714,0.767,0.668,-30,0.006
ASAP,RDB_SPPK,Chopin_Scherzos_31_ChenW04M.wav,30-300,227.091,0.506,0.911,0.351,0.515,0.927,0.357,30,0.009
ASAP,RDB_SPPK,Chopin_Etudes_op_25_1_Wong03M.wav,30-300,87.161,0.770,0.870,0.691,0.770,0.870,0.691,"-10, -20, -30, -40, 0, 10, 20",0.000
ASAP,RDB_SPPK,Liszt_Gran_Etudes_de_Paganini_2_La_campanella_ZhangH07M.wav,30-300,63.793,0.443,0.321,0.718,0.446,0.322,0.722,"30, 40",0.002
ASAP,RDB_SPPK,Chopin_Etudes_op_25_11_Sham02M.wav,30-300,107.468,0.819,0.916,0.740,0.830,0.929,0.751,20,0.012
ASAP,RDB_SPPK,Bach_Fugue_bwv_889_Wang01M.wav,30-300,73.431,0.665,0.502,0.982,0.665,0.502,0.982,"-10, -20, -30, 0, 10, 20",0.000
ASAP,RDB_SPPK,Beethoven_Piano_Sonatas_26-1_no_repeat_Kim02M.wav,30-300,175.540,0.678,0.904,0.542,0.679,0.905,0.543,"10, 20",0.001
ASAP,RDB_SPPK,Beethoven_Piano_Sonatas_27-1_GiacomelliN04M.wav,30-300,138.823,0.756,0.908,0.647,0.757,0.910,0.649,"-20, -30, -40",0.002
ASAP,RDB_SPPK,Chopin_Sonata_3_4th_KimSJ10M.wav,30-300,101.543,0.623,0.661,0.588,0.627,0.665,0.592,10,0.004
ASAP,RDB_SPPK,Beethoven_Piano_Sonatas_7-1_LeeS02M.wav,30-300,137.526,0.555,0.565,0.545,0.556,0.566,0.547,-50,0.001
ASAP,RDB_SPPK,Bach_Fugue_bwv_848_Lee01M.wav,30-300,105.344,0.689,0.527,0.995,0.689,0.527,0.995,"-10, 0, 10, 20, 30",0.000
ASAP,RDB_SPPK,Bach_Prelude_bwv_848_Lin04M.wav,30-300,262.358,0.780,0.995,0.642,0.784,1.000,0.645,"-50, -60",0.004
ASAP,RDB_SPPK,Chopin_Etudes_op_10_2_JeonH02M.wav,30-300,147.748,0.987,0.990,0.984,0.987,0.990,0.984,"-10, -20, -30, -40, -50, 0, 10, 20",0.000
ASAP,RDB_SPPK,Beethoven_Piano_Sonatas_28-1_WangY04M.wav,30-300,52.212,0.525,0.426,0.686,0.533,0.432,0.696,"-10, -20, -30",0.008
ASAP,RDB_SPPK,Beethoven_Piano_Sonatas_30-1_MaslovV02M.wav,30-300,58.943,0.629,0.546,0.741,0.629,0.546,0.741,"-10, -20, -30, -40, -50, -60, -70, 0",0.000
ASAP,RDB_SPPK,Chopin_Berceuse_op_57_ZhangE09M.wav,30-300,32.022,0.418,0.278,0.842,0.418,0.278,0.842,"0, 10, 20",0.000
ASAP,RDB_SPPK,Chopin_Etudes_op_25_10_WangA03M.wav,30-300,102.621,0.632,0.658,0.608,0.653,0.679,0.628,-60,0.021
ASAP,RDB_SPPK,Schubert_Impromptu_op142_3_YoungS06M.wav,30-300,37.902,0.421,0.284,0.819,0.422,0.284,0.821,"-10, -20, -40",0.001
ASAP,RDB_SPPK,Liszt_Mephisto_Waltz_ChernovA04M.wav,30-300,229.019,0.512,0.865,0.363,0.513,0.867,0.364,"-20, -30",0.002
ASAP,RDB_SPPK,Chopin_Ballades_1_KimSuyeon04M.wav,30-300,74.856,0.465,0.405,0.545,0.477,0.415,0.559,-50,0.012
ASAP,RDB_SPPK,Beethoven_Piano_Sonatas_21-1_no_repeat_TongB03M.wav,30-300,144.316,0.685,0.861,0.568,0.686,0.862,0.569,-10,0.001
ASAP,RDB_SPPK,Bach_Prelude_bwv_891_Duepree06M.wav,30-300,71.582,0.647,0.481,0.988,0.647,0.481,0.988,"-10, -20, -30, -40, -50, -60, 0, 10, 20, 30, 40, 430",0.000
ASAP,RDB_SPPK,Bach_Fugue_bwv_873_Lisiecki13M.wav,30-300,143.537,0.979,0.979,0.979,0.979,0.979,0.979,"-10, -20, -30, -40, 0, 10, 20, 30",0.000
ASAP,RDB_SPPK,Beethoven_Piano_Sonatas_31-3_4_AbdelmoulaJS05M.wav,30-300,55.619,0.547,0.421,0.780,0.548,0.422,0.782,"-20, -30, -50",0.001
ASAP,RDB_SPPK,Beethoven_Piano_Sonatas_17-1_KaszoS09M.wav,30-300,149.257,0.724,0.942,0.588,0.726,0.945,0.590,"-20, 10",0.002
ASAP,RDB_SPPK,Haydn_Keyboard_Sonatas_46-1_WongWY02M.wav,30-300,74.366,0.574,0.441,0.821,0.580,0.446,0.830,30,0.006
ASAP,RDB_SPPK,Bach_Prelude_bwv_876_SirajA01M.wav,30-300,99.277,0.455,0.347,0.660,0.455,0.347,0.660,"-10, -20, -30, -40, -50, -60, 0, 10, 20, 30",0.000
ASAP,RDB_SPPK,Beethoven_Piano_Sonatas_21-1_no_repeat_SunY02M.wav,30-300,150.687,0.691,0.894,0.563,0.692,0.896,0.563,"-50, 10, 20",0.001
ASAP,RDB_SPPK,Haydn_Keyboard_Sonatas_48-2_PrjevalskayaM03M.wav,30-300,149.883,0.948,1.000,0.901,0.948,1.000,0.901,"-10, -20, -30, -40, -50, 0, 10, 20",0.000
ASAP,RDB_SPPK,Bach_Fugue_bwv_860_ZhangH04M.wav,30-300,63.282,0.492,0.333,0.948,0.495,0.335,0.953,"300, 310, 320, 330",0.003
ASAP,RDB_SPPK,Schubert_Impromptu_op.90_D.899_4_no_repeat_Lin11M.wav,30-300,144.481,0.798,0.948,0.689,0.802,0.953,0.693,-40,0.004
ASAP,RDB_SPPK,Chopin_Sonata_2_4th_KaszoS16M.wav,30-300,231.655,0.130,0.710,0.072,0.142,0.774,0.078,"-40, -50, -60, 30, 40",0.012
ASAP,RDB_SPPK,Bach_Prelude_bwv_860_Tetzloff04M.wav,30-300,185.072,0.790,0.951,0.676,0.798,0.961,0.683,"-40, -50, -60",0.008
ASAP,RDB_SPPK,Beethoven_Piano_Sonatas_27-2_GiacomelliN05M.wav,30-300,80.228,0.664,0.561,0.814,0.664,0.561,0.814,"0, 20",0.000
ASAP,RDB_SPPK,Debussy_Images_Book_1_1_Reflets_dans_lEau_ParkJH13M.wav,30-300,74.997,0.541,0.590,0.499,0.547,0.597,0.504,"-20, -30, -40, -50, -60",0.006
ASAP,RDB_SPPK,Liszt_Transcendental_Etudes_10_CaoJ03M.wav,30-300,82.899,0.531,0.456,0.637,0.545,0.468,0.653,30,0.014
ASAP,RDB_SPPK,Mozart_Piano_Sonatas_12-1_WuuE02M.wav,30-300,140.867,0.957,0.979,0.936,0.958,0.980,0.937,"-20, -30, 10, 20",0.001
ASAP,RDB_SPPK,Schubert_Wanderer_fantasie_Larionova05M.wav,30-300,114.663,0.700,0.725,0.676,0.707,0.733,0.683,"-50, -60",0.007
ASAP,RDB_SPPK,Schubert_Impromptu_op.90_D.899_3_LEE_K04M.wav,30-300,61.210,0.366,0.513,0.284,0.370,0.519,0.287,-10,0.004
ASAP,RDB_SPPK,Bach_Fugue_bwv_889_Giesbrecht01M.wav,30-300,71.309,0.669,0.507,0.982,0.669,0.507,0.982,"-10, -20, -30, -40, -50, 0, 10, 20",0.000
ASAP,RDB_SPPK,Schubert_Impromptu_op.90_D.899_2_Denisova11M.wav,30-300,229.005,0.491,0.996,0.325,0.491,0.996,0.325,"-10, -20, -30, 0, 10, 20, 40",0.000
ASAP,RDB_SPPK,Schubert_Impromptu_op.90_D.899_3_Ko08M.wav,30-300,55.488,0.465,0.596,0.381,0.465,0.596,0.381,"-10, 0, 10",0.000
ASAP,RDB_SPPK,Beethoven_Piano_Sonatas_9-1_Tysman05M.wav,30-300,147.160,0.579,0.534,0.632,0.580,0.535,0.633,"-50, -60",0.001
ASAP,RDB_SPPK,Beethoven_Piano_Sonatas_3-1_CaoJ02M.wav,30-300,142.029,0.907,0.972,0.850,0.907,0.972,0.850,"-10, -20, -30, -40, -50, 0, 10, 20",0.000
ASAP,RDB_SPPK,Chopin_Etudes_op_25_11_KyykhynenT10M.wav,30-300,103.333,0.810,0.981,0.690,0.810,0.981,0.690,"0, 10, 20, 30",0.000
ASAP,RDB_SPPK,Beethoven_Piano_Sonatas_21-1_no_repeat_RichardsonC02M.wav,30-300,143.565,0.799,0.893,0.722,0.804,0.899,0.727,20,0.006
ASAP,RDB_SPPK,Glinka_The_Lark_Kleisen07M.wav,30-300,64.401,0.488,0.476,0.502,0.504,0.491,0.518,-60,0.016
ASAP,RDB_SPPK,Bach_Prelude_bwv_870_ChenW01M.wav,30-300,53.550,0.605,0.433,1.000,0.605,0.433,1.000,"-10, -20, 0, 10, 20, 30, 40",0.000
ASAP,RDB_SPPK,Schubert_Piano_Sonatas_894-2_no_repeat_CHEN11M.wav,30-300,70.107,0.621,0.550,0.714,0.623,0.551,0.716,-10,0.002
ASAP,RDB_SPPK,Chopin_Etudes_op_10_1_LiYZ02M.wav,30-300,169.426,0.580,0.963,0.415,0.580,0.963,0.415,"0, 10, 20, 30, 40, 50",0.000
ASAP,RDB_SPPK,Beethoven_Piano_Sonatas_24-1_no_repeat_Lou02M.wav,30-300,108.603,0.821,0.880,0.770,0.829,0.888,0.778,-60,0.008
ASAP,RDB_SPPK,Liszt_Concert_Etude_S145_1_Kleisen06M.wav,30-300,107.373,0.356,0.382,0.333,0.403,0.433,0.378,-290,0.047
ASAP,RDB_SPPK,Bach_Fugue_bwv_892_Hou01M.wav,30-300,51.006,0.567,0.396,0.995,0.567,0.396,0.995,"-10, -20, -30, -40, 0, 10, 20",0.000
ASAP,RDB_SPPK,Bach_Fugue_bwv_883_GuoE01M.wav,30-300,63.218,0.663,0.501,0.978,0.663,0.501,0.978,"-10, -20, -30, 0, 10",0.000
ASAP,RDB_SPPK,Bach_Fugue_bwv_885_Huang04M.wav,30-300,80.269,0.666,0.505,0.976,0.666,0.505,0.976,"-10, -20, -30, -40, -50, -60, 0, 10, 20, 30, 40",0.000
ASAP,RDB_SPPK,Liszt_Gran_Etudes_de_Paganini_2_La_campanella_BuiJL03M.wav,30-300,61.004,0.415,0.292,0.718,0.415,0.292,0.718,0,0.000
ASAP,RDB_SPPK,Beethoven_Piano_Sonatas_4-1_LeeE02M.wav,30-300,128.053,0.739,0.704,0.778,0.744,0.709,0.784,-60,0.005
ASAP,RDB_SPPK,Bach_Fugue_bwv_857_Lisiecki04M.wav,30-300,63.088,0.667,0.502,0.991,0.667,0.502,0.991,"-10, -20, -30, -40, -50, -60, 0, 10, 20",0.000
ASAP,RDB_SPPK,Bach_Prelude_bwv_889_ZhangW02M.wav,30-300,63.009,0.638,0.473,0.977,0.638,0.473,0.977,"-10, -20, -30, -40, -50, -60, 0, 10, 20, 30",0.000
ASAP,RDB_SPPK,Liszt_Transcendental_Etudes_11_Huang18M.wav,30-300,62.696,0.550,0.513,0.593,0.550,0.513,0.593,0,0.000
ASAP,RDB_SPPK,Beethoven_Piano_Sonatas_31-1_LeungM03M.wav,30-300,62.149,0.551,0.440,0.737,0.554,0.442,0.740,"-10, -20, -30, -40, -50, -60",0.002
ASAP,RDB_SPPK,Liszt_Transcendental_Etudes_4_Huang15M.wav,30-300,83.928,0.554,0.543,0.566,0.563,0.551,0.575,20,0.009
ASAP,RDB_SPPK,Chopin_Sonata_3_4th_KimSY23M.wav,30-300,105.837,0.615,0.602,0.629,0.615,0.602,0.629,0,0.000
ASAP,RDB_SPPK,Bach_Fugue_bwv_854_Ozaki01M.wav,30-300,115.727,0.771,0.627,1.000,0.771,0.627,1.000,"-10, -20, -30, 0, 10, 20, 30, 40",0.000
ASAP,RDB_SPPK,Bach_Fugue_bwv_848_LeeSH01M.wav,30-300,90.202,0.657,0.496,0.972,0.660,0.499,0.977,"-10, -20",0.003
ASAP,RDB_SPPK,Liszt_Transcendental_Etudes_10_Huang17M.wav,30-300,73.679,0.536,0.470,0.623,0.536,0.470,0.623,"-10, 0",0.000
ASAP,RDB_SPPK,Schubert_Impromptu_op.90_D.899_2_Nikiforov09M.wav,30-300,185.870,0.612,0.992,0.442,0.615,0.997,0.445,-50,0.003
ASAP,RDB_SPPK,Bach_Prelude_bwv_893_Levitsky04M.wav,30-300,59.443,0.567,0.424,0.855,0.577,0.432,0.870,-480,0.010
ASAP,RDB_SPPK,Bach_Prelude_bwv_867_HuNY01M.wav,30-300,34.083,0.549,0.381,0.979,0.555,0.385,0.989,"-50, -60",0.006
ASAP,RDB_SPPK,Beethoven_Piano_Sonatas_31-1_HuangSW08M.wav,30-300,52.958,0.500,0.494,0.506,0.500,0.494,0.506,"-10, -20, -30, -40, 0, 10, 20",0.000
ASAP,RDB_SPPK,Bach_Fugue_bwv_867_HuNY01M.wav,30-300,65.518,0.665,0.502,0.987,0.665,0.502,0.987,"-10, -20, -30, -40, -50, 0, 10, 20",0.000
ASAP,RDB_SPPK,Debussy_Pour_le_Piano_1_MunA12M.wav,30-300,133.442,0.810,0.915,0.727,0.812,0.917,0.729,-50,0.002
ASAP,RDB_SPPK,Liszt_Gran_Etudes_de_Paganini_2_La_campanella_Lin07M.wav,30-300,64.400,0.425,0.300,0.729,0.446,0.314,0.764,30,0.021
ASAP,RDB_SPPK,Beethoven_Piano_Sonatas_7-1_Larionova04M.wav,30-300,136.602,0.672,0.673,0.671,0.674,0.675,0.673,20,0.003
ASAP,RDB_SPPK,Beethoven_Piano_Sonatas_4-1_Chon03M.wav,30-300,130.514,0.700,0.721,0.681,0.738,0.759,0.717,-60,0.037
ASAP,RDB_SPPK,Beethoven_Piano_Sonatas_4-1_SirajA02M.wav,30-300,130.026,0.694,0.656,0.736,0.716,0.677,0.760,-60,0.022
ASAP,RDB_SPPK,Schubert_Impromptu_op142_3_WangH06M.wav,30-300,38.233,0.424,0.288,0.803,0.424,0.288,0.803,"-10, 0",0.000
ASAP,RDB_SPPK,Chopin_Etudes_op_25_12_HouKimberly03M.wav,30-300,147.873,0.565,0.848,0.423,0.573,0.861,0.429,-40,0.008
ASAP,RDB_SPPK,Bach_Prelude_bwv_860_Ko04M.wav,30-300,187.218,0.938,1.000,0.883,0.938,1.000,0.883,"-10, -20, -30, -40, -50, -60, 0, 10, 20, 30",0.000
ASAP,RDB_SPPK,Liszt_Gran_Etudes_de_Paganini_2_La_campanella_Yang05M.wav,30-300,68.760,0.434,0.320,0.673,0.452,0.334,0.701,40,0.018
ASAP,RDB_SPPK,Chopin_Scherzos_31_ZhangW04M.wav,30-300,243.625,0.489,0.943,0.330,0.490,0.944,0.331,20,0.001
ASAP,RDB_SPPK,Beethoven_Piano_Sonatas_16-1_BuiJL02M.wav,30-300,138.525,0.534,0.643,0.457,0.643,0.774,0.549,-60,0.108
ASAP,RDB_SPPK,Bach_Prelude_bwv_848_Zhou01M.wav,30-300,281.130,0.845,1.000,0.732,0.845,1.000,0.732,"-10, -20, -30, -40, -50, -60, 0, 10, 20, 30, 40, 50",0.000
ASAP,RDB_SPPK,Beethoven_Piano_Sonatas_17-1_no_repeat_TuanS02M.wav,30-300,143.662,0.680,0.912,0.541,0.682,0.916,0.544,"-10, -30",0.003
ASAP,RDB_SPPK,Liszt_Transcendental_Etudes_1_LuoJ05M.wav,30-300,133.991,0.772,0.924,0.663,0.772,0.924,0.663,"-10, -20, -30, -40, -50, 0, 10, 20, 30, 40, 50",0.000
ASAP,RDB_SPPK,Beethoven_Piano_Sonatas_3-2_MiyashitaM04M.wav,30-300,22.853,0.406,0.260,0.933,0.406,0.260,0.933,"-10, -20, -30, -40, -50, -60, 0, 10",0.000
ASAP,RDB_SPPK,Liszt_Mephisto_Waltz_ChenGuang24M.wav,30-300,231.133,0.214,0.821,0.123,0.215,0.826,0.124,-10,0.001
ASAP,RDB_SPPK,Schubert_Impromptu_op.90_D.899_3_Kociuban10M.wav,30-300,56.840,0.535,0.623,0.469,0.545,0.634,0.478,-30,0.010
ASAP,RDB_SPPK,Beethoven_Piano_Sonatas_7-1_Wang02M.wav,30-300,148.278,0.731,0.744,0.719,0.732,0.745,0.720,-40,0.001
ASAP,RDB_SPPK,Bach_Prelude_bwv_880_WangA04M.wav,30-300,78.149,0.683,0.521,0.991,0.683,0.521,0.991,"-10, -20, -30, -40, -50, -60, 0",0.000
ASAP,RDB_SPPK,Beethoven_Piano_Sonatas_21-1_no_repeat_Song03M.wav,30-300,138.919,0.875,0.932,0.825,0.882,0.940,0.832,30,0.007
ASAP,RDB_SPPK,Haydn_Keyboard_Sonatas_50-1_no_repeat_Shi07M.wav,30-300,110.931,0.664,0.554,0.830,0.682,0.569,0.851,-60,0.017
ASAP,RDB_SPPK,Chopin_Ballades_4_Nikiforov13M.wav,30-300,47.270,0.450,0.353,0.619,0.451,0.355,0.621,"-20, -30",0.002
ASAP,RDB_SPPK,Beethoven_Piano_Sonatas_11-1_MaximovI02M.wav,30-300,152.776,0.332,0.229,0.606,0.333,0.229,0.607,"-10, -20, -30, -40, -50",0.001
ASAP,RDB_SPPK,Bach_Prelude_bwv_893_Wong01M.wav,30-300,54.609,0.525,0.384,0.832,0.525,0.384,0.832,"-10, -20, -30, -40, -50, -60, 0, 10, 20, 30",0.000
ASAP,RDB_SPPK,Bach_Prelude_bwv_857_WangA01M.wav,30-300,38.701,0.437,0.283,0.953,0.442,0.287,0.965,"-10, -20",0.005
ASAP,RDB_SPPK,Beethoven_Piano_Sonatas_31-3_4_LeungM05M.wav,30-300,55.026,0.528,0.407,0.752,0.528,0.407,0.752,"-10, -20, -30, -40, 0",0.000
ASAP,RDB_SPPK,Schumann_Toccata_repeat_WangY07M.wav,30-300,113.519,0.265,0.372,0.206,0.353,0.496,0.274,800,0.088
ASAP,RDB_SPPK,Chopin_Scherzos_20_Kurz04M.wav,30-300,223.161,0.565,0.918,0.408,0.574,0.934,0.415,-40,0.010
ASAP,RDB_SPPK,Chopin_Etudes_op_10_1_YuP02M.wav,30-300,166.914,0.691,0.960,0.540,0.695,0.966,0.543,"-10, -20, -30, -40, 40, 50",0.004
ASAP,RDB_SPPK,Beethoven_Piano_Sonatas_31-1_BrendleA03M.wav,30-300,60.119,0.506,0.401,0.685,0.510,0.404,0.691,-50,0.004
ASAP,RDB_SPPK,Liszt_Transcendental_Etudes_5_LiuY06M.wav,30-300,72.080,0.505,0.481,0.530,0.515,0.491,0.542,-40,0.011
ASAP,RDB_SPPK,Scriabin_Sonatas_5_Yeletskiy07M.wav,30-300,92.812,0.504,0.528,0.482,0.507,0.531,0.485,"-40, -60",0.003
ASAP,RDB_SPPK,Chopin_Ballades_1_Richardson13M.wav,30-300,77.221,0.509,0.421,0.645,0.513,0.424,0.649,10,0.004
ASAP,RDB_SPPK,Chopin_Etudes_op_10_1_KaiRuiR03M.wav,30-300,157.587,0.611,0.993,0.441,0.611,0.993,0.441,"-10, -20, -30, -40, -50, 0, 10, 20, 30, 40",0.000
ASAP,RDB_SPPK,Chopin_Etudes_op_10_8_LuEric03M.wav,30-300,183.981,0.613,0.907,0.463,0.620,0.917,0.468,"-50, 20",0.007
ASAP,RDB_SPPK,Chopin_Etudes_op_25_11_WangA02M.wav,30-300,108.361,0.801,0.931,0.703,0.804,0.934,0.706,"20, 30",0.003
ASAP,RDB_SPPK,Haydn_Keyboard_Sonatas_50-1_no_repeat_GalantM02M.wav,30-300,110.307,0.701,0.629,0.791,0.704,0.631,0.795,10,0.003
ASAP,RDB_SPPK,Beethoven_Piano_Sonatas_16-1_Woo05M.wav,30-300,140.490,0.418,0.510,0.353,0.523,0.639,0.443,-60,0.106
ASAP,RDB_SPPK,Chopin_Etudes_op_10_12_LuoJ08M.wav,30-300,148.072,0.585,0.791,0.464,0.604,0.816,0.479,"40, 50",0.019
ASAP,RDB_SPPK,Liszt_Sonata_Dulu07M.wav,30-300,90.559,0.644,0.631,0.657,0.647,0.635,0.661,"-30, -40",0.004
ASAP,RDB_SPPK,Chopin_Scherzos_31_LeeN04M.wav,30-300,242.425,0.528,0.935,0.368,0.531,0.939,0.370,30,0.002
ASAP,RDB_SPPK,Beethoven_Piano_Sonatas_18-1_KOLESO06M.wav,30-300,126.252,0.701,0.725,0.679,0.708,0.732,0.686,-50,0.007
ASAP,RDB_SPPK,Chopin_Etudes_op_10_8_Lou03M.wav,30-300,159.023,0.710,0.879,0.595,0.738,0.914,0.619,-50,0.028
ASAP,RDB_SPPK,Chopin_Polonaises_53_Chon08M.wav,30-300,85.543,0.649,0.526,0.847,0.652,0.528,0.850,10,0.003
ASAP,RDB_SPPK,Beethoven_Piano_Sonatas_8-1_Na06M.wav,30-300,108.288,0.877,0.841,0.916,0.883,0.847,0.922,-50,0.006
ASAP,RDB_SPPK,Beethoven_Piano_Sonatas_3-1_Lin05M.wav,30-300,148.708,0.890,0.982,0.814,0.891,0.983,0.815,"10, 20, 30",0.001
ASAP,RDB_SPPK,Bach_Prelude_bwv_892_Hou01M.wav,30-300,109.299,0.708,0.555,0.978,0.708,0.555,0.978,"-10, 0, 10, 20, 30",0.000
ASAP,RDB_SPPK,Bach_Prelude_bwv_857_Lisiecki04M.wav,30-300,49.029,0.568,0.401,0.976,0.568,0.401,0.976,"-10, -20, -30, -40, -50, 0, 10",0.000
ASAP,RDB_SPPK,Chopin_Ballades_3_LinPeng06M.wav,30-300,68.722,0.475,0.386,0.617,0.476,0.387,0.620,"-20, -30",0.002
ASAP,RDB_SPPK,Beethoven_Piano_Sonatas_31-3_4_ADIG05M.wav,30-300,53.951,0.490,0.354,0.799,0.511,0.369,0.833,-50,0.021
ASAP,RDB_SPPK,Chopin_Ballades_1_JIA06M.wav,30-300,71.571,0.488,0.408,0.606,0.488,0.408,0.606,"-20, -30, 0",0.000
ASAP,RDB_SPPK,Chopin_Etudes_op_10_12_Bult-ItoS04M.wav,30-300,129.968,0.514,0.630,0.434,0.564,0.691,0.476,"-50, -60",0.050
ASAP,RDB_SPPK,Chopin_Etudes_op_10_12_HuNY03M.wav,30-300,127.703,0.630,0.759,0.539,0.651,0.785,0.557,-60,0.021
ASAP,RDB_SPPK,Bach_Prelude_bwv_876_Song01M.wav,30-300,95.563,0.494,0.345,0.873,0.494,0.345,0.873,"-10, -20, -30, -40, -50, -60, 0, 10, 20, 30, 40",0.000
ASAP,RDB_SPPK,Schubert_Impromptu_op.90_D.899_1_Jin05M.wav,30-300,95.040,0.740,0.687,0.802,0.742,0.689,0.804,-20,0.002
ASAP,RDB_SPPK,Rachmaninoff_Preludes_op_32_5_Namirovsky06M.wav,30-300,59.750,0.357,0.408,0.317,0.357,0.408,0.317,0,0.000
ASAP,RDB_SPPK,Chopin_Etudes_op_10_4_Yi03M.wav,30-300,159.764,0.891,0.936,0.850,0.907,0.953,0.865,-50,0.016
ASAP,RDB_SPPK,Mozart_Piano_Sonatas_12-1_MunA03M.wav,30-300,151.348,0.964,0.992,0.937,0.966,0.994,0.939,"10, 20",0.001
ASAP,RDB_SPPK,Beethoven_Piano_Sonatas_26-3_Zhdanov05M.wav,30-300,94.279,0.511,0.413,0.670,0.515,0.416,0.675,-30,0.004
ASAP,RDB_SPPK,Bach_Prelude_bwv_870_LeeE01M.wav,30-300,56.623,0.641,0.475,0.985,0.641,0.475,0.985,"-10, -20, -30, -40, -50, -60, 0, 10, 20, 30",0.000
ASAP,RDB_SPPK,Beethoven_Piano_Sonatas_26-2_HONG05M.wav,30-300,24.063,0.355,0.222,0.881,0.360,0.225,0.893,"-10, -20, 10, 20",0.005
ASAP,RDB_SPPK,Bach_Prelude_bwv_889_Wang01M.wav,30-300,52.771,0.392,0.247,0.953,0.392,0.247,0.953,"-10, -20, -30, -40, -50, -60, 0, 10, 20, 30, 40",0.000
ASAP,RDB_SPPK,Beethoven_Piano_Sonatas_23-1_Mizumoto06M.wav,30-300,120.267,0.714,0.815,0.636,0.721,0.822,0.641,-50,0.006
ASAP,RDB_SPPK,Bach_Fugue_bwv_863_LeeN01M.wav,30-300,58.605,0.672,0.506,1.000,0.672,0.506,1.000,"-10, -20, -30, -40, -50, -60, 0, 10, 20",0.000
ASAP,RDB_SPPK,Chopin_Etudes_op_10_4_Knoll03M.wav,30-300,179.753,0.899,0.962,0.844,0.905,0.969,0.850,"-20, -30, -40, 10, 20, 30, 40",0.007
ASAP,RDB_SPPK,Schubert_Moment_Musical_no_1_MunA10M.wav,30-300,78.816,0.662,0.642,0.683,0.691,0.671,0.713,"-40, -50, -60",0.030
ASAP,RDB_SPPK,Schubert_Impromptu_op.90_D.899_3_WuuE10M.wav,30-300,58.233,0.440,0.460,0.422,0.495,0.518,0.475,40,0.055
ASAP,RDB_SPPK,Beethoven_Piano_Sonatas_28-1_KimHJ02M.wav,30-300,52.862,0.536,0.423,0.730,0.536,0.423,0.730,"-10, -20, -30, -40, -50, -60, 0, 10",0.000
ASAP,RDB_SPPK,Bach_Prelude_bwv_860_YoungS01M.wav,30-300,191.755,0.876,0.876,0.876,0.917,0.917,0.917,"-50, -60",0.041
ASAP,RDB_SPPK,Chopin_Etudes_op_25_12_LuA04M.wav,30-300,145.871,0.492,0.764,0.363,0.553,0.860,0.408,-50,0.061
ASAP,RDB_SPPK,Bach_Prelude_bwv_891_BLINOV04M.wav,30-300,64.963,0.650,0.481,1.000,0.650,0.481,1.000,"-10, -20, -30, -40, -50, 0, 10, 20",0.000
ASAP,RDB_SPPK,Bach_Prelude_bwv_858_VuV01M.wav,30-300,90.709,0.416,0.319,0.600,0.451,0.345,0.650,"-260, -270",0.035
ASAP,RDB_SPPK,Bach_Prelude_bwv_892_KabuliL01M.wav,30-300,96.910,0.681,0.526,0.967,0.681,0.526,0.967,"-10, -20, -30, -40, -50, -60, 0, 10, 20, 30, 40",0.000
ASAP,RDB_SPPK,Bach_Fugue_bwv_856_LuoJ01M.wav,30-300,197.200,0.984,0.991,0.977,0.984,0.991,0.977,"-10, -20, -30, -40, -50, -60, 0",0.000
ASAP,RDB_SPPK,Liszt_Transcendental_Etudes_3_Huang14M.wav,30-300,46.307,0.494,0.343,0.881,0.494,0.343,0.881,"-10, 0, 10, 20",0.000
ASAP,RDB_SPPK,Chopin_Berceuse_op_57_LeungM07M.wav,30-300,32.613,0.456,0.306,0.892,0.456,0.306,0.892,"-10, -20, -30, 0, 10, 20",0.000
ASAP,RDB_SPPK,Haydn_Keyboard_Sonatas_50-1_no_repeat_HamSY02M.wav,30-300,116.899,0.624,0.640,0.609,0.635,0.651,0.619,-60,0.010
ASAP,RDB_SPPK,Chopin_Etudes_op_25_11_MiyashitaM03M.wav,30-300,104.158,0.840,0.914,0.777,0.862,0.938,0.798,"20, 30, 40",0.023
ASAP,RDB_SPPK,Bach_Fugue_bwv_857_ToA01M.wav,30-300,64.844,0.665,0.500,0.991,0.665,0.500,0.991,"-10, -20, -30, -40, -50, -60, 0, 10, 20, 30",0.000
ASAP,RDB_SPPK,Beethoven_Piano_Sonatas_21-1_no_repeat_ToA02M.wav,30-300,149.671,0.809,0.913,0.727,0.813,0.917,0.730,-50,0.004
ASAP,RDB_SPPK,Bach_Fugue_bwv_860_Nikiforov05M.wav,30-300,61.883,0.501,0.336,0.983,0.501,0.336,0.983,"-10, -20, -30, -40, -50, -60, 0, 10, 20, 30",0.000
ASAP,RDB_SPPK,Chopin_Scherzos_31_LinTami06M.wav,30-300,255.887,0.445,0.958,0.290,0.447,0.963,0.291,"-50, 10, 20",0.003
ASAP,RDB_SPPK,Bach_Prelude_bwv_868_GonzalezJ05M.wav,30-300,71.898,0.670,0.503,1.000,0.670,0.503,1.000,"-10, -20, -30, -40, -50, -60, 0, 10, 20, 30",0.000
ASAP,RDB_SPPK,Bach_Fugue_bwv_857_Bult-ItoS02M.wav,30-300,67.374,0.648,0.491,0.952,0.648,0.491,0.952,"-10, -20, -30, -40, 0, 10",0.000
ASAP,RDB_SPPK,Haydn_Keyboard_Sonatas_46-1_YuP03M.wav,30-300,76.995,0.584,0.476,0.754,0.587,0.479,0.758,"-40, -50",0.003
ASAP,RDB_SPPK,Bach_Prelude_bwv_889_MunA01M.wav,30-300,56.673,0.629,0.460,0.992,0.629,0.460,0.992,"-10, -20, -30, -40, -50, 0, 10, 20, 30, 40",0.000
ASAP,RDB_SPPK,Scriabin_Sonatas_5_GarritsonL06M.wav,30-300,93.404,0.425,0.492,0.374,0.435,0.504,0.383,-50,0.010
ASAP,RDB_SPPK,Bach_Prelude_bwv_887_LiYZ01M.wav,30-300,108.927,0.652,0.505,0.920,0.652,0.505,0.920,"-10, -20, -30, -40, -50, -60, 0, 10, 20, 30",0.000
ASAP,RDB_SPPK,Liszt_Sonata_GiacomelliN11M.wav,30-300,92.918,0.606,0.620,0.592,0.607,0.621,0.593,10,0.001
ASAP,RDB_SPPK,Schumann_Toccata_DupreeF13M.wav,30-300,117.164,0.316,0.408,0.258,0.375,0.483,0.306,-60,0.059
ASAP,RDB_SPPK,Bach_Prelude_bwv_858_Zhang01M.wav,30-300,84.933,0.421,0.335,0.567,0.421,0.335,0.567,"-10, -20, -30, -40, -50, -60, 0, 10, 20, 30, 40",0.000
ASAP,RDB_SPPK,Bach_Fugue_bwv_885_SINKEV06.wav,30-300,104.631,0.166,0.127,0.241,0.664,0.506,0.964,"-420, -430, -440, -450, -460, -470, -480, -490, -500, -510",0.498
ASAP,RDB_SPPK,Bach_Fugue_bwv_880_WangA04M.wav,30-300,118.848,0.551,0.443,0.730,0.551,0.443,0.730,"-10, -20, -30, -40, -50, -60, 0, 10, 20, 30, 40",0.000
ASAP,RDB_SPPK,Schubert_Piano_Sonatas_664-1_Mo10M.wav,30-300,94.626,0.681,0.668,0.695,0.687,0.673,0.701,"-10, -30",0.006
ASAP,RDB_SPPK,Beethoven_Piano_Sonatas_17-2_USHIKI05M.wav,30-300,40.832,0.617,0.497,0.812,0.622,0.501,0.819,"-20, -30, -40, -50",0.005
ASAP,RDB_SPPK,Bach_Fugue_bwv_870_ChenW01M.wav,30-300,105.768,0.936,0.890,0.988,0.942,0.896,0.994,"10, 20, 30, 40",0.006
ASAP,RDB_SPPK,Bach_Fugue_bwv_858_VuV01M.wav,30-300,58.751,0.665,0.500,0.993,0.665,0.500,0.993,"-10, -20, -30, -40, -50, -60, 0, 10, 20, 30",0.000
ASAP,RDB_SPPK,Schumann_Arabeske_Min09M.wav,30-300,78.250,0.718,0.715,0.722,0.718,0.715,0.722,"0, 20",0.000
ASAP,RDB_SPPK,Bach_Fugue_bwv_889_LiuY01M.wav,30-300,79.040,0.667,0.512,0.955,0.667,0.512,0.955,"-10, -20, -30, -40, -50, 0, 10",0.000
ASAP,RDB_SPPK,Beethoven_Piano_Sonatas_4-1_LiA04M.wav,30-300,133.011,0.691,0.744,0.645,0.707,0.762,0.660,-60,0.016
ASAP,RDB_SPPK,Balakirev_Islamey_CHEN10M.wav,30-300,117.918,0.646,0.661,0.632,0.660,0.675,0.646,-50,0.014
ASAP,RDB_SPPK,Bach_Fugue_bwv_889_YangY02M.wav,30-300,64.039,0.652,0.495,0.955,0.658,0.500,0.964,"-20, -30",0.006
ASAP,RDB_SPPK,Beethoven_Piano_Sonatas_7-4_LeeS05M.wav,30-300,114.969,0.433,0.461,0.408,0.440,0.469,0.414,"-40, -50, -60",0.007
ASAP,RDB_SPPK,Beethoven_Piano_Sonatas_10-1_Hou02M.wav,30-300,86.293,0.483,0.368,0.704,0.485,0.369,0.707,"-10, -20, -30, -40, -50, 10",0.002
ASAP,RDB_SPPK,Beethoven_Piano_Sonatas_26-1_Zhdanov05M.wav,30-300,182.559,0.681,0.907,0.545,0.682,0.908,0.546,"-40, -50",0.001
ASAP,RDB_SPPK,Beethoven_Piano_Sonatas_26-2_LEE_K05M.wav,30-300,22.233,0.302,0.187,0.786,0.352,0.218,0.917,-60,0.050
ASAP,RDB_SPPK,Beethoven_Piano_Sonatas_21-2_YOO05M.wav,30-300,13.878,0.359,0.226,0.875,0.359,0.226,0.875,"-10, -20, 0",0.000
ASAP,RDB_SPPK,Bach_Prelude_bwv_860_TuanS01M.wav,30-300,184.645,0.823,0.864,0.786,0.881,0.924,0.841,-60,0.058
ASAP,RDB_SPPK,Balakirev_Islamey_Na08M.wav,30-300,127.129,0.644,0.677,0.615,0.667,0.701,0.637,-50,0.023
ASAP,RDB_SPPK,Beethoven_Piano_Sonatas_21-1_no_repeat_YeZ02M.wav,30-300,135.407,0.843,0.943,0.763,0.848,0.948,0.767,20,0.005
ASAP,RDB_SPPK,Chopin_Etudes_op_10_8_KyykhynenT09M.wav,30-300,152.940,0.660,0.924,0.513,0.667,0.933,0.519,"-30, -40",0.007
ASAP,RDB_SPPK,Chopin_Ballades_2_Tetzloff06M.wav,30-300,59.857,0.657,0.564,0.787,0.659,0.566,0.789,-10,0.002
ASAP,RDB_SPPK,Beethoven_Piano_Sonatas_7-1_Hebert01M.wav,30-300,145.706,0.828,0.828,0.828,0.829,0.829,0.829,"-10, -20, -30",0.001
ASAP,RDB_SPPK,Liszt_Transcendental_Etudes_5_Huang16M.wav,30-300,70.355,0.509,0.413,0.663,0.523,0.425,0.682,-60,0.015
ASAP,RDB_SPPK,Chopin_Berceuse_op_57_MiyashitaM06M.wav,30-300,31.013,0.355,0.232,0.755,0.365,0.239,0.777,-20,0.010
ASAP,RDB_SPPK,Bach_Fugue_bwv_858_Zhang01M.wav,30-300,64.692,0.658,0.494,0.985,0.658,0.494,0.985,"-10, -20, -30, -40, -50, -60, 0, 10, 20, 30",0.000
ASAP,RDB_SPPK,Haydn_Keyboard_Sonatas_39-1_Yarden07M.wav,30-300,91.113,0.650,0.497,0.939,0.653,0.499,0.942,"10, 20",0.002
ASAP,RDB_SPPK,Chopin_Etudes_op_10_12_ZhangYunling02M.wav,30-300,145.928,0.625,0.824,0.503,0.643,0.848,0.518,-50,0.019
ASAP,RDB_SPPK,Debussy_Images_Book_1_1_Reflets_dans_lEau_Kleisen11M.wav,30-300,79.631,0.473,0.544,0.418,0.479,0.551,0.424,"-40, -50",0.006
ASAP,RDB_SPPK,Schubert_Impromptu_op.90_D.899_3_LeeSH08M.wav,30-300,56.688,0.545,0.619,0.487,0.545,0.619,0.487,"-10, -20, -30, 0",0.000
ASAP,RDB_SPPK,Bach_Fugue_bwv_848_Mizumoto03M.wav,30-300,101.506,0.659,0.495,0.986,0.659,0.495,0.986,0,0.000
ASAP,RDB_SPPK,Liszt_Concert_Etude_S145_1_Woo06M.wav,30-300,101.523,0.422,0.415,0.430,0.437,0.430,0.445,-330,0.015
ASAP,RDB_SPPK,Chopin_Sonata_3_4th_HuangSW06M.wav,30-300,114.863,0.637,0.955,0.478,0.639,0.958,0.480,10,0.002
ASAP,RDB_SPPK,Bach_Fugue_bwv_889_MunA01M.wav,30-300,70.424,0.673,0.512,0.982,0.673,0.512,0.982,"-10, -20, -30, -40, 0, 10, 20, 30",0.000
ASAP,RDB_SPPK,Bach_Fugue_bwv_876_Song01M.wav,30-300,96.385,0.699,0.547,0.971,0.699,0.547,0.971,"-10, -20, -30, -40, -50, -60, 0, 10, 20, 30, 40",0.000
ASAP,RDB_SPPK,Beethoven_Piano_Sonatas_21-1_no_repeat_Shychko02M.wav,30-300,139.470,0.812,0.872,0.760,0.814,0.874,0.762,-20,0.002
ASAP,RDB_SPPK,Haydn_Keyboard_Sonatas_50-1_no_repeat_JeonH03M.wav,30-300,110.579,0.726,0.663,0.803,0.741,0.676,0.820,-60,0.015
ASAP,RDB_SPPK,Bach_Fugue_bwv_883_Herbert02.wav,30-300,83.510,0.005,0.004,0.007,0.738,0.588,0.989,"-850, -860, -870, -880, -890, -900, -910, -920",0.732
ASAP,RDB_SPPK,Chopin_Scherzos_31_SunD04M.wav,30-300,263.941,0.517,0.957,0.355,0.522,0.965,0.358,20,0.004
ASAP,RDB_SPPK,Liszt_Ballade_2_Jin07M.wav,30-300,91.503,0.605,0.621,0.591,0.606,0.622,0.592,10,0.001
ASAP,RDB_SPPK,Chopin_Etudes_op_10_5_LiC02M.wav,30-300,108.476,0.736,0.701,0.775,0.742,0.706,0.781,"10, 20, 30",0.006
ASAP,RDB_SPPK,Chopin_Etudes_op_25_1_TongB02M.wav,30-300,80.979,0.573,0.811,0.443,0.580,0.821,0.448,30,0.007
ASAP,RDB_SPPK,Chopin_Etudes_op_10_4_LeeSH03M.wav,30-300,172.838,0.880,0.950,0.819,0.886,0.957,0.825,"10, 20, 30",0.007
ASAP,RDB_SPPK,Beethoven_Piano_Sonatas_21-1_no_repeat_Sladek02M.wav,30-300,147.867,0.757,0.871,0.670,0.763,0.877,0.675,"-30, -40",0.006
ASAP,RDB_SPPK,Beethoven_Piano_Sonatas_3-1_Bult-ItoS03M.wav,30-300,143.462,0.820,0.883,0.765,0.823,0.886,0.768,"10, 20",0.003
ASAP,RDB_SPPK,Chopin_Barcarolle_Rozanski07M.wav,30-300,50.268,0.414,0.307,0.635,0.421,0.312,0.646,-40,0.007
ASAP,RDB_SPPK,Chopin_Barcarolle_LeeSH05M.wav,30-300,53.528,0.420,0.334,0.566,0.423,0.336,0.570,-20,0.003
ASAP,RDB_SPPK,Beethoven_Piano_Sonatas_21-3_Sekino05M.wav,30-300,107.726,0.665,0.741,0.604,0.670,0.747,0.608,-50,0.005
ASAP,RDB_SPPK,Chopin_Scherzos_31_Jussow11M.wav,30-300,248.726,0.471,0.956,0.313,0.474,0.961,0.314,"-10, -20",0.003
ASAP,RDB_SPPK,Liszt_Transcendental_Etudes_5_Park03M.wav,30-300,65.344,0.496,0.388,0.686,0.496,0.388,0.686,"-10, 0",0.000
ASAP,RDB_SPPK,Beethoven_Piano_Sonatas_23-1_LiuC02M.wav,30-300,122.050,0.573,0.806,0.445,0.584,0.821,0.453,-50,0.011
ASAP,RDB_SPPK,Schumann_Kreisleriana_1_Yarden09M.wav,30-300,89.292,0.369,0.375,0.363,0.466,0.474,0.458,"-300, -310, 320",0.097
ASAP,RDB_SPPK,Chopin_Scherzos_20_ZhangYunling04M.wav,30-300,214.989,0.539,0.864,0.392,0.543,0.869,0.395,10,0.004
ASAP,RDB_SPPK,Schubert_Piano_Sonatas_894-2_Yeletskiy08M.wav,30-300,79.665,0.591,0.553,0.633,0.606,0.568,0.650,"-30, -40",0.015
ASAP,RDB_SPPK,Bach_Fugue_bwv_865_Teo01M.wav,30-300,86.451,0.656,0.492,0.983,0.656,0.492,0.983,"-10, 0, 10, 20, 30",0.000
ASAP,RDB_SPPK,Beethoven_Piano_Sonatas_18-1_LeungR02M.wav,30-300,128.837,0.673,0.691,0.655,0.674,0.692,0.657,"-10, -50, -60, 10",0.001
ASAP,RDB_SPPK,Beethoven_Piano_Sonatas_26-1_HuNY02M.wav,30-300,176.681,0.628,0.898,0.483,0.629,0.899,0.484,-60,0.001
ASAP,RDB_SPPK,Bach_Prelude_bwv_883_LuM01M.wav,30-300,47.615,0.471,0.321,0.882,0.471,0.321,0.882,"-10, 0, 10, 20",0.000
ASAP,RDB_SPPK,Chopin_Etudes_op_10_8_MiyashitaM05M.wav,30-300,164.828,0.666,0.855,0.545,0.675,0.867,0.553,30,0.010
ASAP,RDB_SPPK,Beethoven_Piano_Sonatas_31-2_ADIG05M.wav,30-300,201.350,0.881,0.989,0.793,0.881,0.989,0.793,"-10, -20, -30, -40, -50, 0",0.000
ASAP,RDB_SPPK,Beethoven_Piano_Sonatas_32-1_DupreeF03M.wav,30-300,91.293,0.728,0.757,0.701,0.731,0.760,0.703,-50,0.002
ASAP,RDB_SPPK,Bach_Prelude_bwv_854_MiyashitaM01M.wav,30-300,72.895,0.407,0.336,0.516,0.407,0.336,0.516,"-10, 0, 10, 20",0.000
ASAP,RDB_SPPK,Schubert_Piano_Sonatas_894-2_no_repeat_SINKEV12M.wav,30-300,75.074,0.534,0.466,0.627,0.620,0.540,0.727,-60,0.085
ASAP,RDB_SPPK,Bach_Prelude_bwv_863_LeeN01M.wav,30-300,34.146,0.498,0.331,1.000,0.498,0.331,1.000,"-10, -20, -30, -40, -50, -60, 0, 10, 20, 30, 40",0.000
ASAP,RDB_SPPK,Bach_Fugue_bwv_892_KabuliL01M.wav,30-300,54.383,0.660,0.493,1.000,0.660,0.493,1.000,"-10, -20, -30, -40, -50, -60, 0, 10, 20, 30",0.000
ASAP,RDB_SPPK,Haydn_Keyboard_Sonatas_48-2_GarritsonL03M.wav,30-300,165.067,0.879,0.977,0.799,0.879,0.977,0.799,"-10, -20, -30, -40, -50, -60, 0, 10, 20",0.000
ASAP,RDB_SPPK,Chopin_Etudes_op_10_4_Richardson_2013_03M.wav,30-300,167.482,0.879,0.957,0.813,0.905,0.986,0.837,-30,0.027
ASAP,RDB_SPPK,Bach_Prelude_bwv_846_Shi05M.wav,30-300,61.057,0.624,0.460,0.971,0.624,0.460,0.971,"-10, -20, -30, -40, -50, 0, 10, 20, 30, 40",0.000
ASAP,RDB_SPPK,Bach_Prelude_bwv_865_ZhangE01M.wav,30-300,83.532,0.532,0.378,0.902,0.532,0.378,0.902,"-10, -20, -30, -40, -50, -60, 0, 10, 20, 30, 40",0.000
ASAP,RDB_SPPK,Bach_Prelude_bwv_889_LiuY01M.wav,30-300,56.176,0.638,0.473,0.977,0.638,0.473,0.977,"-10, -20, -30, -40, -50, -60, 0, 10, 20, 30, 40",0.000
ASAP,RDB_SPPK,Rachmaninoff_Preludes_op_23_4_WuuE07M.wav,30-300,54.390,0.621,0.510,0.795,0.621,0.510,0.795,"-10, -20, 0",0.000
ASAP,RDB_SPPK,Schubert_Impromptu_op.90_D.899_2_HuNY06M.wav,30-300,177.666,0.718,0.960,0.573,0.719,0.962,0.574,"-20, -30, 10",0.001
ASAP,RDB_SPPK,Bach_Fugue_bwv_862_Song04M.wav,30-300,55.238,0.659,0.493,0.993,0.663,0.496,1.000,"10, 20, 30",0.005
ASAP,RDB_SPPK,Schubert_Impromptu_op142_1_Kleisen10M.wav,30-300,102.717,0.577,0.642,0.525,0.582,0.647,0.529,"-20, -30",0.004
ASAP,RDB_SPPK,Chopin_Ballades_4_Kociuban07M.wav,30-300,44.916,0.424,0.319,0.631,0.428,0.323,0.638,"-10, -20, -30, -40",0.004
ASAP,RDB_SPPK,Schubert_Impromptu_op.90_D.899_4_no_repeat_Huang10M.wav,30-300,123.457,0.769,0.878,0.684,0.776,0.886,0.690,-60,0.007
ASAP,RDB_SPPK,Beethoven_Piano_Sonatas_3-1_MiyashitaM03M.wav,30-300,142.629,0.841,0.884,0.802,0.844,0.887,0.805,-50,0.003
ASAP,RDB_SPPK,Schumann_Kreisleriana_1_no_first_repeat_JohannsonP02M.wav,30-300,95.400,0.246,0.471,0.167,0.254,0.485,0.172,"-10, -20, -30",0.008
ASAP,RDB_SPPK,Chopin_Etudes_op_10_5_ZhangW03M.wav,30-300,104.664,0.737,0.707,0.769,0.737,0.707,0.769,0,0.000
ASAP,RDB_SPPK,Bach_Prelude_bwv_883_GuoE01M.wav,30-300,45.015,0.469,0.322,0.866,0.469,0.322,0.866,0,0.000
ASAP,RDB_SPPK,Chopin_Scherzos_39_Arciglione13M.wav,30-300,271.410,0.446,0.961,0.290,0.449,0.968,0.293,-60,0.003
ASAP,RDB_SPPK,Chopin_Scherzos_39_Bult-ItoS05M.wav,30-300,280.871,0.493,0.964,0.331,0.504,0.985,0.338,-60,0.011
ASAP,RDB_SPPK,Schubert_Wanderer_fantasie_SunY10M.wav,30-300,120.220,0.712,0.766,0.665,0.721,0.776,0.673,-40,0.009
ASAP,RDB_SPPK,Bach_Fugue_bwv_893_Kleisen04M.wav,30-300,204.566,0.942,0.993,0.897,0.942,0.993,0.897,"-50, 0, 10, 20",0.000
ASAP,RDB_SPPK,Schubert_Impromptu_op.90_D.899_3_Hou06M.wav,30-300,65.281,0.635,0.630,0.639,0.638,0.633,0.642,20,0.003
ASAP,RDB_SPPK,Liszt_Transcendental_Etudes_1_Huang13M.wav,30-300,114.627,0.764,0.791,0.739,0.764,0.791,0.739,"0, 10",0.000
ASAP,RDB_SPPK,Bach_Prelude_bwv_862_Song04M.wav,30-300,107.829,0.890,0.824,0.969,0.898,0.830,0.977,40,0.007
ASAP,RDB_SPPK,Bach_Prelude_bwv_865_Rizikov01M.wav,30-300,87.897,0.537,0.373,0.963,0.544,0.377,0.976,"-50, -60",0.007
ASAP,RDB_SPPK,Liszt_Gran_Etudes_de_Paganini_2_La_campanella_LiuC05M.wav,30-300,65.486,0.395,0.286,0.641,0.415,0.300,0.673,40,0.020
ASAP,RDB_SPPK,Bach_Prelude_bwv_888_ZhaoK01M.wav,30-300,79.224,0.441,0.323,0.697,0.460,0.337,0.727,"-290, 460, 470, 480, 490, 500",0.019
ASAP,RDB_SPPK,Beethoven_Piano_Sonatas_5-1_SunD02M.wav,30-300,216.336,0.765,0.994,0.622,0.767,0.996,0.623,10,0.001
ASAP,RDB_SPPK,Chopin_Etudes_op_25_11_KimSuyeon03M.wav,30-300,118.587,0.807,0.950,0.701,0.813,0.957,0.706,-10,0.006
ASAP,RDB_SPPK,Beethoven_Piano_Sonatas_21-1_no_repeat_GonzalezJ06M.wav,30-300,153.907,0.847,0.929,0.778,0.849,0.931,0.780,"-10, -40",0.002
ASAP,RDB_SPPK,Beethoven_Piano_Sonatas_5-1_Colafelice02M.wav,30-300,187.950,0.854,0.949,0.776,0.859,0.955,0.780,"-10, -20",0.005
ASAP,RDB_SPPK,Chopin_Etudes_op_10_8_Tetzloff07M.wav,30-300,169.088,0.696,0.918,0.561,0.703,0.926,0.566,30,0.007
ASAP,RDB_SPPK,Beethoven_Piano_Sonatas_7-4_Larionova04M.wav,30-300,120.709,0.485,0.494,0.477,0.499,0.508,0.490,40,0.014
ASAP,RDB_SPPK,Beethoven_Piano_Sonatas_8-3_Na06M.wav,30-300,97.330,0.722,0.599,0.907,0.722,0.599,0.907,"-10, -20, -30, -40, -50, 0",0.000
ASAP,RDB_SPPK,Chopin_Etudes_op_10_4_Kurz03M.wav,30-300,162.172,0.884,0.957,0.822,0.894,0.968,0.831,-50,0.010
ASAP,RDB_SPPK,Liszt_Gran_Etudes_de_Paganini_6_Theme_and_Variations_WangA07M.wav,30-300,94.837,0.682,0.646,0.723,0.691,0.654,0.732,20,0.009
ASAP,RDB_SPPK,Bach_Prelude_bwv_874_BianF01M.wav,30-300,89.185,0.538,0.403,0.813,0.538,0.403,0.813,"-10, -20, -30, -40, -50, 0",0.000
ASAP,RDB_SPPK,Beethoven_Piano_Sonatas_11-1_LiC03M.wav,30-300,148.419,0.897,0.944,0.854,0.914,0.962,0.870,-50,0.017
ASAP,RDB_SPPK,Bach_Fugue_bwv_857_WangA01M.wav,30-300,63.612,0.658,0.496,0.978,0.658,0.496,0.978,"-10, -20, 0, 10, 20, 30, 40",0.000
ASAP,RDB_SPPK,Beethoven_Piano_Sonatas_16-1_Khmara05M.wav,30-300,137.354,0.605,0.710,0.526,0.679,0.798,0.591,-60,0.074
ASAP,RDB_SPPK,Liszt_Transcendental_Etudes_5_WangY02M.wav,30-300,74.798,0.463,0.393,0.564,0.463,0.393,0.564,"-40, 0",0.000
ASAP,RDB_SPPK,Beethoven_Piano_Sonatas_21-1_no_repeat_Tetzloff05M.wav,30-300,150.251,0.652,0.876,0.520,0.652,0.876,0.520,"-50, 0, 10",0.000
ASAP,RDB_SPPK,Chopin_Etudes_op_25_12_BorickC04M.wav,30-300,130.919,0.459,0.743,0.332,0.505,0.818,0.366,-40,0.046
ASAP,RDB_SPPK,Bach_Fugue_bwv_860_Tetzloff04M.wav,30-300,64.025,0.500,0.340,0.948,0.500,0.340,0.948,"-10, -20, -30, -40, -50, -60, 0, 10, 20",0.000
ASAP,RDB_SPPK,Liszt_Transcendental_Etudes_10_LeungM06M.wav,30-300,94.552,0.528,0.482,0.585,0.533,0.486,0.590,"10, 20",0.005
ASAP,RDB_SPPK,Liszt_Gran_Etudes_de_Paganini_2_La_campanella_LeungR04M.wav,30-300,60.337,0.434,0.296,0.813,0.447,0.305,0.838,20,0.013
ASAP,RDB_SPPK,Beethoven_Piano_Sonatas_23-1_Guo03M.wav,30-300,110.373,0.598,0.607,0.589,0.607,0.616,0.598,-50,0.009
ASAP,RDB_SPPK,Chopin_Ballades_4_ChenC04M.wav,30-300,48.228,0.462,0.343,0.708,0.469,0.348,0.718,"-40, -50",0.007
ASAP,RDB_SPPK,Chopin_Etudes_op_10_10_WangH02M.wav,30-300,152.190,0.402,0.699,0.282,0.402,0.699,0.282,"-10, -20, 0",0.000
ASAP,RDB_SPPK,Bach_Fugue_bwv_848_SunY01M.wav,30-300,107.570,0.766,0.622,0.995,0.766,0.622,0.995,"-10, -20, -30, -40, -50, -60, 0, 10, 20, 30",0.000
ASAP,RDB_SPPK,Beethoven_Piano_Sonatas_17-1_no_repeat_WangH03M.wav,30-300,144.438,0.652,0.934,0.501,0.653,0.936,0.502,"-10, -20, -30",0.001
ASAP,RDB_SPPK,Chopin_Etudes_op_10_4_Sladek03M.wav,30-300,173.826,0.840,0.943,0.758,0.844,0.947,0.761,10,0.003
ASAP,RDB_SPPK,Bach_Fugue_bwv_874_BianF01.wav,30-300,35.568,0.059,0.038,0.141,0.382,0.242,0.909,"-1000, -940, -950, -960, -970, -980, -990",0.323
ASAP,RDB_SPPK,Chopin_Scherzos_31_TongB04M.wav,30-300,252.045,0.466,0.938,0.310,0.467,0.940,0.311,10,0.001
ASAP,RDB_SPPK,Liszt_Annees_de_pelerinage_2_1_Gondoliera_LeungM12M.wav,30-300,49.587,0.391,0.347,0.446,0.394,0.351,0.450,"10, 20",0.004
ASAP,RDB_SPPK,Beethoven_Piano_Sonatas_18-4_KOLESO06M.wav,30-300,177.986,0.799,0.928,0.702,0.830,0.963,0.729,-50,0.030
ASAP,RDB_SPPK,Balakirev_Islamey_Yi04M.wav,30-300,116.966,0.650,0.616,0.688,0.669,0.634,0.708,-60,0.019
ASAP,RDB_SPPK,Bach_Fugue_bwv_846_Shi05M.wav,30-300,45.070,0.534,0.366,0.991,0.534,0.366,0.991,"-10, -20, -30, -40, -50, -60, 0, 10, 20, 30, 40",0.000
ASAP,RDB_SPPK,Bach_Prelude_bwv_854_Richardson01M.wav,30-300,64.161,0.497,0.341,0.914,0.497,0.341,0.914,"-10, -20, -30, -40, -50, -60, 0, 10, 20, 30, 40",0.000
ASAP,RDB_SPPK,Chopin_Ballades_4_LuEric04M.wav,30-300,44.251,0.427,0.310,0.683,0.440,0.320,0.704,-40,0.013
ASAP,RDB_SPPK,Bach_Fugue_bwv_884_LiA01M.wav,30-300,204.838,0.801,0.961,0.687,0.807,0.967,0.692,-60,0.005
ASAP,RDB_SPPK,Beethoven_Piano_Sonatas_7-1_WangY01M.wav,30-300,135.613,0.683,0.693,0.673,0.690,0.700,0.681,-50,0.007
ASAP,RDB_SPPK,Bach_Fugue_bwv_867_Sham01M.wav,30-300,58.678,0.668,0.503,0.993,0.668,0.503,0.993,"-10, -20, -30, -40, -50, -60, 0, 10, 20, 30",0.000
ASAP,RDB_SPPK,Beethoven_Piano_Sonatas_30-1_TanakaM06M.wav,30-300,57.842,0.510,0.427,0.634,0.514,0.430,0.639,"-10, -20, -30, -40",0.004
ASAP,RDB_SPPK,Bach_Fugue_bwv_854_WangA01M.wav,30-300,110.846,0.898,0.821,0.991,0.898,0.821,0.991,"-10, -20, -30, -40, -50, -60, 0, 10, 540, 550",0.000
ASAP,RDB_SPPK,Schubert_Impromptu_op.90_D.899_3_Mizumoto07M.wav,30-300,67.318,0.458,0.468,0.449,0.461,0.471,0.452,30,0.003
ASAP,RDB_SPPK,Beethoven_Piano_Sonatas_9-3_Tysman05M.wav,30-300,81.062,0.667,0.546,0.855,0.667,0.546,0.855,"-10, 0, 10",0.000
ASAP,RDB_SPPK,Chopin_Etudes_op_25_1_LeeN03M.wav,30-300,88.026,0.677,0.797,0.588,0.688,0.811,0.598,"20, 30",0.012
ASAP,RDB_SPPK,Beethoven_Piano_Sonatas_31-1_Ahfat02M.wav,30-300,52.283,0.522,0.372,0.876,0.524,0.373,0.879,-30,0.002
ASAP,RDB_SPPK,Bach_Prelude_bwv_870_MaximovI01M.wav,30-300,53.144,0.506,0.386,0.737,0.506,0.386,0.737,0,0.000
ASAP,RDB_SPPK,Bach_Fugue_bwv_889_ZhangW02M.wav,30-300,76.329,0.662,0.512,0.936,0.669,0.517,0.945,"-40, -50, -60",0.006
ASAP,RDB_SPPK,Beethoven_Piano_Sonatas_27-1_MiyashitaM02M.wav,30-300,138.882,0.794,0.930,0.692,0.802,0.940,0.699,-60,0.008
ASAP,RDB_SPPK,Chopin_Etudes_op_10_5_LiA03M.wav,30-300,113.644,0.717,0.738,0.698,0.717,0.738,0.698,"0, 10, 20, 30",0.000
ASAP,RDB_SPPK,Bach_Fugue_bwv_883_Khmara04.wav,30-300,65.029,0.000,0.000,0.000,0.663,0.501,0.982,"-620, -630, -640, -650, -660, -670, -680, -690, -700",0.663
ASAP,RDB_SPPK,Bach_Prelude_bwv_889_YangY02M.wav,30-300,59.431,0.528,0.377,0.883,0.528,0.377,0.883,"-10, -20, -30, -40, -50, -60, 0, 10, 20, 30, 40",0.000
ASAP,RDB_SPPK,Beethoven_Piano_Sonatas_31-1_ADIG05M.wav,30-300,57.276,0.563,0.412,0.887,0.574,0.420,0.905,-50,0.011
